Основы,Том 2,Раздел V,Трансцендентная природа Космических Качеств,Глава 1. Диссонационность Формо-Инфо-Творцов - основа образования Мироздания,2.5.1.1,Взаимосвязанность Уровней Самосознания. Формы сллоогрентности Энерго-Плазмы. Главная Цель Формо- и Инфо-Творцов. Причины диссонационности. Диссонационное расстояние. Дйюррууллсные режимы проявления Энерго-Информации,2.0001
Основы,Том 2,Раздел V,Трансцендентная природа Космических Качеств,Глава 1. Диссонационность Формо-Инфо-Творцов - основа образования Мироздания,2.5.1.2,"Любые субъективные Представления реально не существуют. Образование субъективной Фокусной Динамики Формо-Творцов. Перефокусировка из ""вне себя"" ""внутрь себя"" - квантовый эффект Самосознания",2.0006
Основы,Том 2,Раздел V,Трансцендентная природа Космических Качеств,Глава 1. Диссонационность Формо-Инфо-Творцов - основа образования Мироздания,2.5.1.3,"Трансгрессивно-интеграционное - Состояние Фокусов Самосознания. Мы пока условно гооврим о Самосознании во множественном числе. Резомиралы - это бездонный надмирный источник. Внутреннее и внешнее Пространство представляют собой соответственно Информации и Энергию, которые невозможно разделить. Наше Восприятие привязяно к биологии. Мироздание - проявление слоогрентной Энергии, в нём всё взаимосвязано.",2.0013
Основы,Том 2,Раздел V,Трансцендентная природа Космических Качеств,Глава 1. Диссонационность Формо-Инфо-Творцов - основа образования Мироздания,2.5.1.4,Иллюзия окружающей действительности вылепливается нами по образам из ОДС. Что такое собственная личность. Диссонационность - иллюзия проявления Пространства-Времени. Проявления протоформных Направлений развития.,2.0019
Основы,Том 2,Раздел V,Трансцендентная природа Космических Качеств,Глава 1. Диссонационность Формо-Инфо-Творцов - основа образования Мироздания,2.5.1.5,"Уровни мерности, их существование благодаря Импульс-Потенциалам. В уравновешенном состоянии Энерго-Плазмы нет ни верха ни низа, а только реальная возможность демонстрации завершенности Синтеза. Именно выборы а не слова определяют качественность творчества. ",2.0027
Основы,Том 2,Раздел V,Трансцендентная природа Космических Качеств,Глава 1. Диссонационность Формо-Инфо-Творцов - основа образования Мироздания,2.5.1.6,"Наши выводы всегда субъективны - это зеркала нашей Фокусной Динамики. Появление реального взаимопонимания. Сравнение субъективности Фокусной Динамики с настройкой микроскопа. В Ииссиидиологии рассматриваются только синтетические типы Фокусной Динамики Космических Сущностей, которые образуют диапазоны мерностей и ДПС, базирующиеся на ""превечном Космическом Существовании"" Надвселенских Сущностей. ",2.0032
Основы,Том 2,Раздел V,Трансцендентная природа Космических Качеств,Глава 2. Роль Чистых Космических Качеств в мерностном формировании всего разнообразия проявлений Диапазонов Плазменных Сил,2.5.2.1,Относительность Уровней мерности. Таинственные ДПС базируются на Нечто особенном - на Чистых Космических Качествах. Их Аспекты не являются Фокусами. ,2.0036
Основы,Том 2,Раздел V,Трансцендентная природа Космических Качеств,Глава 2. Роль Чистых Космических Качеств в мерностном формировании всего разнообразия проявлений Диапазонов Плазменных Сил,2.5.2.2,"Совокупность Вселенских ОО-УУ-Сущностей - это ЧКК. 12 разновидностей ОО-УУ. Ограниченность нашего восприятия двудоминантной Схемой. Четких границ между ЧКК не существует - диффузгентность, совместимость.",2.0041
Основы,Том 2,Раздел V,Трансцендентная природа Космических Качеств,Глава 2. Роль Чистых Космических Качеств в мерностном формировании всего разнообразия проявлений Диапазонов Плазменных Сил,2.5.2.3,"Коварллерртность и имперсептность проявляются в бесконечных мерностях, «Высший», «средний», «низший» - всё это результат разнокачественности. Представление о бесконечности.  ",2.0050
Основы,Том 2,Раздел V,Трансцендентная природа Космических Качеств,Глава 2. Роль Чистых Космических Качеств в мерностном формировании всего разнообразия проявлений Диапазонов Плазменных Сил,2.5.2.4,Индивидуальные особенности Восприятия автора. Условность 0 и 36 мерностей. Автор как хирург сделал надрез в районе пупка. Образование Представлений о ДПС. Аспекты Качеств - главная основа Фокусной Динамики. Поля-Сознания - обозначение ТОО-УУ из СВОО-УУ-Сущностей. От протоэлементарных до протоуниверсальных Полей-Сознаний,2.0056
Основы,Том 2,Раздел V,Трансцендентная природа Космических Качеств,Глава 2. Роль Чистых Космических Качеств в мерностном формировании всего разнообразия проявлений Диапазонов Плазменных Сил,2.5.2.5,Степень условной «совместимости» разных Качеств и Энергий. Между коварллертностью и лийллусцивностью нельзя проводить аналогии. Определение лийллусцивности. Пример протоформных проявлений страха.,2.0064
Основы,Том 2,Раздел V,Трансцендентная природа Космических Качеств,Глава 2. Роль Чистых Космических Качеств в мерностном формировании всего разнообразия проявлений Диапазонов Плазменных Сил,2.5.2.6,"Определение крувурсортности. Пример проявления любви. Две группы совместимых Качеств. Мы никогда не имеем дела с чистым проявлением Аспектов Качеств, всегда есть определенная степень синтезированности.",2.0073
Основы,Том 2,Раздел V,Трансцендентная природа Космических Качеств,Глава 2. Роль Чистых Космических Качеств в мерностном формировании всего разнообразия проявлений Диапазонов Плазменных Сил,2.5.2.7,Условия превышения Активности имперсептных Аспектов над коварллертными. Смежные Сферы Творчества разных Прото-Форм. Диффузгентность разных ККР. Режимы последовательной смены Формы Самосознания на протоформные. Понижение интеллектуальной активности людей. Избавление КС человечества от диффузгентности.,2.0079
Основы,Том 2,Раздел V,Трансцендентная природа Космических Качеств,Глава 2. Роль Чистых Космических Качеств в мерностном формировании всего разнообразия проявлений Диапазонов Плазменных Сил,2.5.2.8,"Разница между Качествами, синтезируемыми разными расами. Как люди разных рас находят общность - фоторедуксивные Поля-Сознания. Пространственно-временные фрактальности разных типов с-Реальностей и аттракторные склааргмы. ",2.0085
Основы,Том 2,Раздел V,Трансцендентная природа Космических Качеств,Глава 2. Роль Чистых Космических Качеств в мерностном формировании всего разнообразия проявлений Диапазонов Плазменных Сил,2.5.2.9,"Черные дыры и червоточины как аномальные зоны пространства. Механических перемещений быть не может, есть только распаковки Фокусной Динамики. Телепортация Форм Самосознаний.",2.0090
Основы,Том 2,Раздел V,Трансцендентная природа Космических Качеств,Глава 2. Роль Чистых Космических Качеств в мерностном формировании всего разнообразия проявлений Диапазонов Плазменных Сил,2.5.2.10,Эталонность ЧКК можно обнаружить в ОДС и ФЛК. Их сллоогрентность - это множество пазлов. Устремление пофрагментно собрать «картину» Мироздания  - это наше существование как Формо-Творцов.,2.0096
Основы,Том 2,Раздел V,Трансцендентная природа Космических Качеств,Глава 3. Взаимодействие Аспектов ЧКК и эффект проявления Пространства-Времени,2.5.3.1,"Формо-Творцов и их Энергию можно сравнить с эмульгатором информационных Потоков. Резомиральное состояние - это еще не Мироздание, необходимо наличие субъективной Фокусной Динамики, порождающей бирвуляртность. Вторичный резонанс между ФПВ и Фокусной Динамикой.",2.0102
Основы,Том 2,Раздел V,Трансцендентная природа Космических Качеств,Глава 3. Взаимодействие Аспектов ЧКК и эффект проявления Пространства-Времени,2.5.3.2,"Энерго-потенциал разных точек Энерго-Плазмы - неравномерность и образование ""эффекта проявления"", то есть Пространства-Времени. Чем меньше тензорность, тем больше Энеро-Потенциал у Фокусной Динамики. Образование Форм проявления, диапазонов Энерго-Плазмы, субъективное объединение в ОО-УУ или ЧКК.",2.0106
Основы,Том 2,Раздел V,Трансцендентная природа Космических Качеств,Глава 3. Взаимодействие Аспектов ЧКК и эффект проявления Пространства-Времени,2.5.3.3,"Специфические особенности трансформации ОО-УУ. Примеры несовместимости фрагментов: антонимы. Коварллертность - это не универсальная характеристика для всего Мироздания, которая применяется к Конфигурациям Форм в ПВК. ",2.0115
Основы,Том 2,Раздел V,Трансцендентная природа Космических Качеств,Глава 3. Взаимодействие Аспектов ЧКК и эффект проявления Пространства-Времени,2.5.3.4,"Доминанты ПВК. Возможности каких Форм Самосознаний больше в данном ПВК. Пример человечества Земли и остальных ее Форм. Механизм реализации Форм с другими доминантными ЧКК в человеческом ПВК, отличие выражения их мерности.",2.0119
Основы,Том 2,Раздел V,Трансцендентная природа Космических Качеств,Глава 3. Взаимодействие Аспектов ЧКК и эффект проявления Пространства-Времени,2.5.3.5,"Обмен СФУУРММ-Формами благодаря коварллертности разных ЧКК в одном ПВК. Пример с птицами. Качественности разных Форм несопоставимы, оценка невозможна",2.0129
Основы,Том 2,Раздел V,Трансцендентная природа Космических Качеств,Глава 4. ОО-УУ- ТОО-УУ- и СВОО-УУ-Сущности. Характеристики Чистых Космических Качеств,2.5.4.1,Интегральное проявления ОО-УУ-Сущности не имеет никаких пределов мерности. Её проявление через ТОО-УУ- и СВОО-УУ-Сущности. Моей Фокусной Динамике доступны только диапазоны от 0 до +-36 мерности. Короткое описание процессов в Первичной и Вторичной Энерго-Плазме.,2.0133
Основы,Том 2,Раздел V,Трансцендентная природа Космических Качеств,Глава 4. ОО-УУ- ТОО-УУ- и СВОО-УУ-Сущности. Характеристики Чистых Космических Качеств,2.5.4.2,Отличия ЧКК от ОО-УУ-Сущностей. В Энерго-Плазме есть только элементарные переносчики: Формо- и Инфо-Творцы. ОО-УУ-Сущности в чистом виде могут существовать только в несинтетическом типе Мироздания. Специфические признаки взаимодействия ОО-УУ в синтетических Формо-системах. Описание парного синтеза ЧКК. ,2.0137
Основы,Том 2,Раздел V,Трансцендентная природа Космических Качеств,Глава 4. ОО-УУ- ТОО-УУ- и СВОО-УУ-Сущности. Характеристики Чистых Космических Качеств,2.5.4.3,Все взаимодействия ОО-УУ-Сущностей являются промежуточными. Возможность абсолютной коварллертности Аспектов одного ЧКК. Проявление ТОО-УУ-Сущностей в какой-то мерности - это интенсивность взаимосвязей. Список названий 12 ЧКК.,2.0143
Основы,Том 2,Раздел V,Трансцендентная природа Космических Качеств,Глава 4. ОО-УУ- ТОО-УУ- и СВОО-УУ-Сущности. Характеристики Чистых Космических Качеств,2.5.4.4,Специфика восприятия разных Прото-Форм. Детальное описание всех ЧКК.  ЙИЮ-УЛЛУ-ЙИЮ. Электромагнитные поля. Взаимодействие Форм Самосознаний через фоторедуксивные поля. Сравнение с остальными 5(7) ЧКК АСТРО-Плазмы.,2.0149
Основы,Том 2,Раздел V,Трансцендентная природа Космических Качеств,Глава 4. ОО-УУ- ТОО-УУ- и СВОО-УУ-Сущности. Характеристики Чистых Космических Качеств,2.5.4.5,ВСЕ-Воля - ВСЕ-Разума (КРА-АГГА-АГГА). ,2.0168
Основы,Том 2,Раздел V,Трансцендентная природа Космических Качеств,Глава 4. ОО-УУ- ТОО-УУ- и СВОО-УУ-Сущности. Характеристики Чистых Космических Качеств,2.5.4.6,ВСЕ-Единство (ТТУТТВВУТТУ-ТТ-ВВУ). Схлопывание в более качественные Формы.,2.0180
Основы,Том 2,Раздел V,Трансцендентная природа Космических Качеств,Глава 4. ОО-УУ- ТОО-УУ- и СВОО-УУ-Сущности. Характеристики Чистых Космических Качеств,2.5.4.7,ВСЕ-Целостность (НЙЮЮИФФ-ФЛЛ-АА). ,2.0189
Основы,Том 2,Раздел V,Трансцендентная природа Космических Качеств,Глава 4. ОО-УУ- ТОО-УУ- и СВОО-УУ-Сущности. Характеристики Чистых Космических Качеств,2.5.4.8,ВСЕ-Устремлённость (УУРТММ-УУ-УУ). ,2.0190
Основы,Том 2,Раздел V,Трансцендентная природа Космических Качеств,Глава 4. ОО-УУ- ТОО-УУ- и СВОО-УУ-Сущности. Характеристики Чистых Космических Качеств,2.5.4.9,ВСЕ-Сущность-ВСЕ-Проницаемость (ОУЙЮУУЙЙЮ-ЙЮ-ЙЮ). ,2.0202
Основы,Том 2,Раздел V,Трансцендентная природа Космических Качеств,Глава 4. ОО-УУ- ТОО-УУ- и СВОО-УУ-Сущности. Характеристики Чистых Космических Качеств,2.5.4.10,ВСЕ-Знание-ВСЕ-Информированность (АССМААИЙЯАА-ССМ-АА). ВСЕ-Исходность-ВСЕ-Изначальность (ТТИИРТТММИИ-ИИ-ФФ). ВСЕ-Устойчивость-ВСЕ-Стабильность (НГЛУУИНГГ-ГН-ОО). ,2.0206
Основы,Том 2,Раздел V,Трансцендентная природа Космических Качеств,Глава 4. ОО-УУ- ТОО-УУ- и СВОО-УУ-Сущности. Характеристики Чистых Космических Качеств,2.5.4.11,ВСЕ-Мобильность-ВСЕ-Присутственность (ЛЛДУОЛЛДМУ-ЛЛ-ММ). ВСЕ-Обильность-ВСЕ-Наполненность (ХХВААТТФИИ-ФФ-ХВИИ) и ВСЕ-Пустотность-ВСЕ-Вакуумность (ПФФААРРГМИИ-ММ-ИИ). ,2.0215
Основы,Том 2,Раздел V,Трансцендентная природа Космических Качеств,Глава 5. Разнобирвуляртность синтетических процессов как причина сложности описания их межмерностной динамики,2.5.5.1,"Автор субъективно описывает то, что невозможно описать. Образование Совместимых Космических Качеств. Сравнение с ДНК разных людей. Образование Вселенных в ККР. Разная синтезированность Аспектов соответствующих ЧКК у разных Прото-Форм в разных мерностях и более детальное определение бирвуляртности. ",2.0218
Основы,Том 2,Раздел V,Трансцендентная природа Космических Качеств,Глава 5. Разнобирвуляртность синтетических процессов как причина сложности описания их межмерностной динамики,2.5.5.2,"Всякий субъективный тип мерности – сллоогрентен по своей Сути. Низкая синтезированность Конфигурации в то же время является высокой в другой Схеме синтеза. Почему средние Уровни реализуются легче всего, а амплиативные и деплиативные с трудностями.",2.0229
Основы,Том 2,Раздел V,Трансцендентная природа Космических Качеств,Глава 5. Разнобирвуляртность синтетических процессов как причина сложности описания их межмерностной динамики,2.5.5.3,Ииссиидиологические Представления пока еще многим кажутся ерундой. Проницающие друг друга взаимосвязи - это разные виды бирвуляртностей. Аиййяический тип бирвуляртности. Абсолютный Синтез Аспектов двух ЧКК осуществить невозможно.,2.0240
Основы,Том 2,Раздел V,Трансцендентная природа Космических Качеств,Глава 5. Разнобирвуляртность синтетических процессов как причина сложности описания их межмерностной динамики,2.5.5.4,Схема первоначального этапа Синтеза человеческого типа бирвуляртности. Биологические ассоциации.,2.0246
Основы,Том 2,Раздел V,Трансцендентная природа Космических Качеств,Глава 5. Разнобирвуляртность синтетических процессов как причина сложности описания их межмерностной динамики,2.5.5.5,Коллегиальность Высшего Космического Разума  - это ТОО-УУ-Сущности как Коллективные Разумы и СВОО-УУ-Сущности как Прото-Формы. Образование Принципа сллоогрентности. Пересечение бирвуляртностей в Схемах Синтеза ТОО-УУ. ,2.0250
Основы,Том 2,Раздел V,Трансцендентная природа Космических Качеств,Глава 5. Разнобирвуляртность синтетических процессов как причина сложности описания их межмерностной динамики,2.5.5.6,Пример ллууввумического Направления: доминантная общность двух ЧКК во всех мерностях. Механизмы Синтеза ТОО-УУ- и СВОО-УУ-Сущностей.,2.0254
Основы,Том 2,Раздел V,Трансцендентная природа Космических Качеств,Глава 5. Разнобирвуляртность синтетических процессов как причина сложности описания их межмерностной динамики,2.5.5.7,"Образование СКК ВСЕПРОМЕЖНОСТНОСТЬ. Двухкомпонентный ТОО-УУ-Процесс  на примере одуванчика. Относительность принципа ТОО-УУ: для Формо-Творцов Вторичной Энерго-Плазмы - это СВОО-УУ. Эталонное состояние ОО-УУ как картина Информации до момента меркавгнации - мультидисперсная сфероидальность, одуванчик.",2.0255
Основы,Том 2,Раздел V,Трансцендентная природа Космических Качеств,Глава 5. Разнобирвуляртность синтетических процессов как причина сложности описания их межмерностной динамики,2.5.5.8,Сравнение сфероидальности ЧКК с оттенками цветов. Развитие синтетического процесса в ллууввумеческо-аиййическом типе бирвуляртности. Сравнение с развитием бирвуляртности для птиц.,2.0267
Основы,Том 2,Раздел V,Трансцендентная природа Космических Качеств,Глава 5. Разнобирвуляртность синтетических процессов как причина сложности описания их межмерностной динамики,2.5.5.9,Субъективность понятий мерности и диапазона мерности. Особенности межличностного общения.,2.0276
Основы,Том 2,Раздел V,Трансцендентная природа Космических Качеств,Глава 6. Особенности формирования Совмещенных Космических Качеств,2.5.6.1,Образование 12 Пар СКК из 12 ЧКК. Вторичное и Первичное состояния Энерго-Плазмы.,2.0281
Основы,Том 2,Раздел V,Трансцендентная природа Космических Качеств,Глава 6. Особенности формирования Совмещенных Космических Качеств,2.5.6.2,Описание 12 Пар СКК и их образование из Амплификационных и Квалитационных  Ветвей. Пример образования лийллусцивной Совмещённой Пары. Характеристики ВсеПромежностности. Пересечение Схем синтеза разных Прото-Форм,2.0285
Основы,Том 2,Раздел V,Трансцендентная природа Космических Качеств,Глава 7. Отражение совместимости Аспектов ЧКК на формировании Пространственно-Временных Структур. Миры и Антимиры,2.5.7.1,"«Неполноценные» проявления Форм Самосознаний из других ПВК. Образование общих типов бирвуляртностей, проблемы во взаимопонимании. 8% Форм Самосознаний для ллууввумического Направления. ",2.0296
Основы,Том 2,Раздел V,Трансцендентная природа Космических Качеств,Глава 7. Отражение совместимости Аспектов ЧКК на формировании Пространственно-Временных Структур. Миры и Антимиры,2.5.7.2,Неизменность Аспектов ЧКК в любых мерностных диапазонах. Эталонность ЧКК напоминает тетраэдральные структуры 0-1 диапазона мерности. Стабильность Конфигурации при повышении мерности и диссонационных влияниях. ,2.0305
Основы,Том 2,Раздел V,Трансцендентная природа Космических Качеств,Глава 7. Отражение совместимости Аспектов ЧКК на формировании Пространственно-Временных Структур. Миры и Антимиры,2.5.7.3,"Коварлертность Аспектов ЧКК не означает сходство или подобие. Группы коварлертных ЧКК. Взаимодействия ЧКК по степени совместимости. Взаимодействия Аспектов несовместимых ЧКК.  Нюансы коварллертности, имперсептности и диссонационности. ",2.0309
Основы,Том 2,Раздел V,Трансцендентная природа Космических Качеств,Глава 7. Отражение совместимости Аспектов ЧКК на формировании Пространственно-Временных Структур. Миры и Антимиры,2.5.7.4,"Анио- и катиолептические реальности и ПВК. Ограниченные возможности Фокусной Динамики Формы, мы не можем перефоксировкся в первобытный век. Каждый ротационный сдвиг аниолептическая Формо-система превращается в катиолептическую. Переход когерентного состояния Фокусной Динамики в декогерентное.",2.0325
Основы,Том 2,Раздел V,Трансцендентная природа Космических Качеств,Глава 7. Отражение совместимости Аспектов ЧКК на формировании Пространственно-Временных Структур. Миры и Антимиры,2.5.7.5,"Каждый ротационный сдвиг лишь малая часть фокусной Конфигурации в узком резопазоне становится лийллусцивной. Очаговые (точечные) трансмутации. Применять термины катио- и анио- для взаимодействия Формо-Творцов некорректно, эти термины предназначаются для сценариев и Стерео-Типов.",2.0331
Основы,Том 2,Раздел V,Трансцендентная природа Космических Качеств,Глава 7. Отражение совместимости Аспектов ЧКК на формировании Пространственно-Временных Структур. Миры и Антимиры,2.5.7.6,"Уточнение про Миры и Антимиры. Тип бирвуляртности невозможно изменить резко, для этого потребуется осознать себя, к примеру, кошкой. Разница между аниолептическими мерностями и Антимирами.",2.0336
Основы,Том 2,Раздел V,Трансцендентная природа Космических Качеств,Глава 7. Отражение совместимости Аспектов ЧКК на формировании Пространственно-Временных Структур. Миры и Антимиры,2.5.7.7,"Миров и Анти-Миров нет - есть Резомиралы. Инерционная динамика субъективной Реальности. Противопоставление доминантных ЧКК в анио- и катиолептических реальностях. Объективно разделения нет, любая имперсептность локальна. Все это фокусная трансгрессия.",2.0345
Основы,Том 2,Раздел V,Трансцендентная природа Космических Качеств,Глава 8. Сфероидальность сллоогрентности. Диффузгентность Конфигураций и промежуточные состояния,2.5.8.1,"Локальная диссонационность и резонационный признак взаимодействия Формо- и Инфо-Творцов. Все Уровни Энерго-Плазмы являются однородными. Рассматривать Уровни надо не ""вверх-вниз"", а сфероидально. Структура Всего - условная сллоогрентная точка. ",2.0358
Основы,Том 2,Раздел V,Трансцендентная природа Космических Качеств,Глава 8. Сфероидальность сллоогрентности. Диффузгентность Конфигураций и промежуточные состояния,2.5.8.2,Векторы взаимосвязей между Формо-Творцами - это временные петли. Сфероидаьное определение сллоогрентности. ТК Состояния способствуют улучшению меж-Качественных взаимосвязей. При углублении Синтеза ЧКК не теряют своих свойств и уникальности. Повышение диффузгентности Конфигураций. ,2.0364
Основы,Том 2,Раздел V,Трансцендентная природа Космических Качеств,Глава 8. Сфероидальность сллоогрентности. Диффузгентность Конфигураций и промежуточные состояния,2.5.8.3,"Что такое Самосознание и Энерго-Плазма. Происходит не сплавление Аспектов, а их сосредоточение. Чем выше концентрация Аспектов ЧКК в Конфигурации, тем качественнее Форма. ",2.0370
Основы,Том 2,Раздел V,Трансцендентная природа Космических Качеств,Глава 8. Сфероидальность сллоогрентности. Диффузгентность Конфигураций и промежуточные состояния,2.5.8.4,Сравнение Аспектов ЧКК со спектром радуги. Межспектровые ТК Состояния.  Качественный показатель глубины Синтеза. Энергия без Информации не может проявиться. ,2.0375
Основы,Том 2,Раздел V,Трансцендентная природа Космических Качеств,Глава 9. Ллууввумические Схемы Синтеза,2.5.9.1,"Поуровневое описание диапазонов Энерго-Плазмы 12-24-36 и Амплификационные/Квалитационные Ветви развития. Пространственно-временные условия проявления от биологических до лучевых аналогов НУУ-ВВУ-Формо-Типа. Отличительные характеристики понятия ""плазма"" в Ииссиидиологии. ",2.0381
Основы,Том 2,Раздел V,Трансцендентная природа Космических Качеств,Глава 9. Ллууввумические Схемы Синтеза,2.5.9.2,Описание Схемы Синтеза между Синтетической Амплификационной и Резосконцеонной Квалитационной Ветвями. ТК Потенциальность подобна состоянию детей в детском саду. Такое состояние человеческим можно назвать с большой натяжкой. ,2.0384
Основы,Том 2,Раздел V,Трансцендентная природа Космических Качеств,Глава 9. Ллууввумические Схемы Синтеза,2.5.9.3,"ТК Солидарность, ТК Сотрудничество, ТК Активность (творческая зрелость, сравнение с первыми плодами на дереве), ТК Результативность, ТК Завершённость",2.0393
Основы,Том 2,Раздел V,Трансцендентная природа Космических Качеств,Глава 9. Ллууввумические Схемы Синтеза,2.5.9.4,"Перенос Творческой Активности Людей из Планетарной Сущности ГРЭИЙСЛИИСС в Планетарную Сущность СЛИИМПФЛИИСС. ТК Пассивность, ТК Неудовлетворённость, ТК Гармоничность.",2.0406
Основы,Том 2,Раздел V,Трансцендентная природа Космических Качеств,Глава 9. Ллууввумические Схемы Синтеза,2.5.9.5,Разные типы мерности во взаимосвязях разных ТК Состояний. Принадлежность к Коллективному Космическому Разуму определяется Схемой Синтеза. Исходные Доминанты остаются как бы главными. Состав Формо-Творцов реализационных Форм Самосознания. Взаимодействие на уровне под-Аспектов.,2.0415
Основы,Том 2,Раздел V,Трансцендентная природа Космических Качеств,Глава 9. Ллууввумические Схемы Синтеза,2.5.9.6,"Наша Форма - это сборная солянка диффузгентных Формо-Творцов. Электронные Формо-Творцы - это представители ллууввумической бирвуляртности. Бактерии, вирусы, грибы в нашем организме. Наше текущее существование - постоянные болезни.",2.0420
Основы,Том 2,Раздел V,Трансцендентная природа Космических Качеств,Глава 10. Особенности амплификации и квалитации во Вторичной Энерго-Плазме,2.5.10.1,Эволюция и Инволюция и их отличие от обычной интерпретации. Эгглеролифтивный и ирркогликтивный Импульсы. Сравнение с приготовлением еды (субъективность плохого и хорошего). Что такое ИСТИНА. ,2.0423
Основы,Том 2,Раздел V,Трансцендентная природа Космических Качеств,Глава 10. Особенности амплификации и квалитации во Вторичной Энерго-Плазме,2.5.10.2,"12-ть Амплификационных и 12 Квалитационных Ветвей. Ассоциативные сравнения. Взаимодействие Формо-Творцов разных Амплификационных Ветвей и Инфо-Творцов разных Квалитационных Ветвей, в частности Аккумулятивной Ветви. Принципы Квалитационных Ветвей. Пример Мономигрирующей Ветви.",2.0442
Основы,Том 2,Раздел V,Трансцендентная природа Космических Качеств,Глава 10. Особенности амплификации и квалитации во Вторичной Энерго-Плазме,2.5.10.3,Аккумулятивная и Приментивная Ветви синтезируют Гармоничную Пару ВСЕТРАНСФОРМАТИВНОСТЬ. Взаимодействие Звездных Сущностей при взаимодействии пар ВСЕТРАНСФОРМАТИВНОСТЬ и нашей ВСЕПРОМЕЖНОСТНОСТЬ. Трансгрессирование в 24-качественную Меж-Вселенскую Сущность.,2.0445
Основы,Том 2,Раздел VI,Сллоогрентные взаимосвязи Формо-систем индивидуальных Миров с Универсумами Мироздания,Глава 1. Коротко о Пространственно-Временных структурах: от субъективных Реальностей до Комплекс-Планов Мироздания,2.6.1.1,"В первом  томе мы разобрались с Фокусной Динамикой. Для вашей качественности важнее Информация, а не Время. С более гармоничной Фокусной Динамикой вы проявляетесь в более качественных ПВК. Формирование дувуйллерртных групп ПВК. Переплетение паутин Формо-систем Миров, образование с-Реальностей и ПВК доминирующими Самосознаниями.",2.0478
Основы,Том 2,Раздел VI,Сллоогрентные взаимосвязи Формо-систем индивидуальных Миров с Универсумами Мироздания,Глава 1. Коротко о Пространственно-Временных структурах: от субъективных Реальностей до Комплекс-Планов Мироздания,2.6.1.2,Формо-система Миров - это минимальный предел коварллертных фокусных взаимосвязей. На них зиждутся разновидности бирвуляртностей: субъективные Реальности и специфическая окружающая действительность (ПВК).,2.0488
Основы,Том 2,Раздел VI,Сллоогрентные взаимосвязи Формо-систем индивидуальных Миров с Универсумами Мироздания,Глава 1. Коротко о Пространственно-Временных структурах: от субъективных Реальностей до Комплекс-Планов Мироздания,2.6.1.3,"Образование ЭИК в резомиралах из ПВК. ЭИК вложен в ЭИК следующего диапазона. Каждый Коллективный Космический Разум формирует свои ПВК, отличающиеся Доминантами и фоновыми Чистыми Качествами. Пример с ПВК муравьев.",2.0491
Основы,Том 2,Раздел VI,Сллоогрентные взаимосвязи Формо-систем индивидуальных Миров с Универсумами Мироздания,Глава 1. Коротко о Пространственно-Временных структурах: от субъективных Реальностей до Комплекс-Планов Мироздания,2.6.1.4,"Сколько существует Прото-Форм - столько образовано ЭИК. Общей Фокусной Динамики ЭИК не существует, она нивелируется с помощью эгллеролифтивного и ирркогликтивного Импульсов. Так в резомиральной структуре Мироздания ничего не меняется, но есть множество субъективных эффектов, что создаёт иллюзорность Существования.",2.0496
Основы,Том 2,Раздел VI,Сллоогрентные взаимосвязи Формо-систем индивидуальных Миров с Универсумами Мироздания,Глава 1. Коротко о Пространственно-Временных структурах: от субъективных Реальностей до Комплекс-Планов Мироздания,2.6.1.5,От Конверсумов до Комплекс-Планов. В высшем Разуме Мироздания образуются Космические Универсумы. Мы бессознательно выбираем из множества СФУУРММ-Форм свойства нас самих и окружающей действительности - субъективной реальности. Разные группы ПВК принадлежат разным Временным Потокам из-за дисонационных расстояний.,2.0499
Основы,Том 2,Раздел VI,Сллоогрентные взаимосвязи Формо-систем индивидуальных Миров с Универсумами Мироздания,Глава 2. Формирование окружающей действительности,2.6.2.1,Как образуется наша среда обитания? Фокусная Динамика - результат активизации взаимосвязей в Резомиралах. В этом процессе участвуют безсконечное количество человеческих личностей и других Прото-Форм. Окружающая действительность образуется за счёт резонационного совмещения взаимосвязей. Пример с бумагой,2.0503
Основы,Том 2,Раздел VI,Сллоогрентные взаимосвязи Формо-систем индивидуальных Миров с Универсумами Мироздания,Глава 2. Формирование окружающей действительности,2.6.2.2,"ФПВ образуют Резомиралы, а резонационные взаимосвязи реконверстных Конфигураций - ОДС и ФЛК. В ОДС нет Времени. Мы объединяем РА и ДП состояния, образуя более гармоничные СФУУРММ-Формы. СФУУРММ-Формы и УУ-ВВУ-конгломераты - это одно и то же. Мы манипулируем не фрагментами, а их проекциями. ",2.0513
Основы,Том 2,Раздел VI,Сллоогрентные взаимосвязи Формо-систем индивидуальных Миров с Универсумами Мироздания,Глава 2. Формирование окружающей действительности,2.6.2.3,"Процесс ВЭН-распаковок, осуществляется одновременно и проецирует на экран Биомаятника картину взаимосвязей. Как взаимосвязи образуют ПВК и субъективные реальности.",2.0523
Основы,Том 2,Раздел VI,Сллоогрентные взаимосвязи Формо-систем индивидуальных Миров с Универсумами Мироздания,Глава 2. Формирование окружающей действительности,2.6.2.4,"По Форме проявления мы - жидкокристаллические структуры с вкраплением других Форм Самосознаний. Нам необоходимо гармонизировать оношения с ними. Наша проблема заключается в консерватизме мышления. Понятие ""Жизнь"" у нас очень ограничено. Примеры трактовки термина ""Жизнь"" в современном Знании, мертвая материя. Основа Жизни - не только белковые молекулы.",2.0529
Основы,Том 2,Раздел VI,Сллоогрентные взаимосвязи Формо-систем индивидуальных Миров с Универсумами Мироздания,Глава 2. Формирование окружающей действительности,2.6.2.5,"Проявления рядом с нами животных, растений и минералов помогает нам повышать Потенциал Энерго-Информации. В ПВК все квантуют с-Реальности по своему: пример кошки и человека. Пример столба электропередач в разных типах субъективных Реальностей.",2.0534
Основы,Том 2,Раздел VI,Сллоогрентные взаимосвязи Формо-систем индивидуальных Миров с Универсумами Мироздания,Глава 2. Формирование окружающей действительности,2.6.2.6,Формирование разными Прото-Формами метрики пространства и длительного существования объектов. Но мы не можем повлиять на атомы - это могут наши Творцы-Кураторы. Мы в будущем схлопнемся с их Конфигурациями. Образование групп ПВК (ГИК) из индивидуальных ПВК или индивидуальный Миров. ,2.0537
Основы,Том 2,Раздел VI,Сллоогрентные взаимосвязи Формо-систем индивидуальных Миров с Универсумами Мироздания,Глава 3. Разнообразие типов Пространственно-Временных Континуумов,2.6.3.1,"Отличие одного ПВК от Формо-системы Миров. Разнообразие названий для ПВК: индивидуальные, протоформные, Планетарные, Звёздные... Описание взаимодействия индивидуальных Миров нескольких людей. Общий ПВК.",2.0543
Основы,Том 2,Раздел VI,Сллоогрентные взаимосвязи Формо-систем индивидуальных Миров с Универсумами Мироздания,Глава 3. Разнообразие типов Пространственно-Временных Континуумов,2.6.3.2,"Индивидуальный ПВК - как среда обитания. Мы смещаемся в нём по группам ПВК, формируя ротационный Цикл человечества. Группа человеческих ПВК - это среда обитания, оптимизированная под людей. Возможна ситуация, когда один человек сам формирует индивидуальный ПВК (в одиночестве на острове).",2.0554
Основы,Том 2,Раздел VI,Сллоогрентные взаимосвязи Формо-систем индивидуальных Миров с Универсумами Мироздания,Глава 3. Разнообразие типов Пространственно-Временных Континуумов,2.6.3.3,"Индивидуальные ПВК смешиваются в группы ПВК и отражают протоформные Схемы Синтеза. Масштабность ПВК: планетарные, звездные. Принцип их формирования подобен объединению Формо-Творцов разных Резомиралов.",2.0558
Основы,Том 2,Раздел VI,Сллоогрентные взаимосвязи Формо-систем индивидуальных Миров с Универсумами Мироздания,Глава 3. Разнообразие типов Пространственно-Временных Континуумов,2.6.3.4,Коварллертность Схем Синтеза Планетарных Сущностей солнечной системы  и образование Звёздного ПВК: количество планет меняется. Наблюдения субъективны из-за индивидуальной Схемы Синтеза. ,2.0563
Основы,Том 2,Раздел VI,Сллоогрентные взаимосвязи Формо-систем индивидуальных Миров с Универсумами Мироздания,Глава 3. Разнообразие типов Пространственно-Временных Континуумов,2.6.3.5,Все ПВК связаны: от галактического до планетарного. Люди находятся на низшей цепочке взаимосвязей и не могут влиять на Космические Сущности. Всегда существует предопределенность представлений. ,2.0565
Основы,Том 2,Раздел VI,Сллоогрентные взаимосвязи Формо-систем индивидуальных Миров с Универсумами Мироздания,Глава 3. Разнообразие типов Пространственно-Временных Континуумов,2.6.3.6,Время - Поле Сознания Мироздания. Временной Поток - пример взаимосвязи Сущностей Пространства и Времени. Каждой группе ПВК свойственен свой тип субстанции Времени. Феномен спонтанного исчезновения людей. Наличие в Пространстве-Времени бирвуляртных склоонгмов и аттракторных склааргмов.,2.0570
Основы,Том 2,Раздел VI,Сллоогрентные взаимосвязи Формо-систем индивидуальных Миров с Универсумами Мироздания,Глава 3. Разнообразие типов Пространственно-Временных Континуумов,2.6.3.7,"Разная оценка влияния Форм друг на друга: эгллеролифтивное влияние биологических Форм на Планетарную Сущность, и обратное ирркогликтивное воздействие. Мы окружены Формо-системами микро и макрокосма. УПДИ - переносчик квинтессенции Времени, источник диссонационной стимуляции Фокусной Динамики любой Формо-системы.",2.0582
Основы,Том 2,Раздел VI,Сллоогрентные взаимосвязи Формо-систем индивидуальных Миров с Универсумами Мироздания,"Глава 4. Особенности ноовременных аналогов Континуумов, Конверсумов и Универсумов",2.6.4.1,"Определение ПВК как резонационных фокусных сочетаний во Вселенской Формо-системе Миров. ПВК - очень субъективное понятие для того, чтобы разобраться с нашими перефоксировками. Ноовременные ПВК, Конверсумы, Универсумы. Вам пока невозможно разобраться в ноовременности.",2.0586
Основы,Том 2,Раздел VI,Сллоогрентные взаимосвязи Формо-систем индивидуальных Миров с Универсумами Мироздания,"Глава 4. Особенности ноовременных аналогов Континуумов, Конверсумов и Универсумов",2.6.4.2,Большая синтезированность СФУУРММ-Форм приводит к меньшей зависимости Фокусной Динамики от пространственно-временных параметров. Понятие НВК для Третичной Энерго-Плазмы - состояние взаимосвязей между Резомиралами и информационным Пространством Самосознания. Формирование Фокусной Динамики в НВК через ПЭС и Биомаятник. ,2.0591
Основы,Том 2,Раздел VI,Сллоогрентные взаимосвязи Формо-систем индивидуальных Миров с Универсумами Мироздания,"Глава 4. Особенности ноовременных аналогов Континуумов, Конверсумов и Универсумов",2.6.4.3,"Аналогично образуются ЭИ Конверсумы, которые структурируют не только один ККР, а все в данном диапазоне. Ноовременные Конверсумы. ЭИ Универсумы - это Универсальные Версии (СФУУРММ-Формы) Высшего Разума Мироздания. Группы ПВК образуют окружающую нас действительность. Необходимость структурирования НУУ-ВВУ другими Прото-Формами.",2.0599
Основы,Том 2,Раздел VI,Сллоогрентные взаимосвязи Формо-систем индивидуальных Миров с Универсумами Мироздания,Глава 5. Взаимодействие различных видов ПВК друг с другом,2.6.5.1,"С повышением мерности протоформный взаимообмен интенсифицируется. Одни протоформные Направления начинают интергироваться, их количество понижается. Примеры влияния космических объектов на Землю: защита солнца с помощью протуберанцев, гамма-всплесков; черные дыры, реликтовое излучение.",2.0604
Основы,Том 2,Раздел VI,Сллоогрентные взаимосвязи Формо-систем индивидуальных Миров с Универсумами Мироздания,Глава 5. Взаимодействие различных видов ПВК друг с другом,2.6.5.2,"ПВК - это не одно общее Пространство, хотя и границ между ними нет. Кривизна ПВК деформируется под влиянием внешних ПВК. Мы привязаны к соответствующим резопазонам ВУОЛДТМ-Сущности. Изменить ПВК можно с помощью более качественных Представлений и больших усилий.",2.0609
Основы,Том 2,Раздел VI,Сллоогрентные взаимосвязи Формо-систем индивидуальных Миров с Универсумами Мироздания,Глава 5. Взаимодействие различных видов ПВК друг с другом,2.6.5.3,"Рассмотрим тенденции уменьшения (углубления) масштабности Вселенских ПВК вплоть до ПВК элементарных частиц. Планковская длина - предел непрерывности Пространства и ПВК того уровня. Попробуйте углубиться в ноготь. Наш ПВК смоделирован Представлениями атомов и элементарных частиц. Для протона и электрона мы такие же микроскопические, как и они для нас. Элементарные частицы более первичны, чем мы.",2.0613
Основы,Том 2,Раздел VI,Сллоогрентные взаимосвязи Формо-систем индивидуальных Миров с Универсумами Мироздания,Глава 5. Взаимодействие различных видов ПВК друг с другом,2.6.5.4,"ГИК структурируют группы ПВК, образ матрёшки. Первичее были более Качественные Уровни Мироздания. Электроны не менее информированы о структуре Мироздания, чем Вселенские Сущности 3-4 мерности. ",2.0620
Основы,Том 2,Раздел VI,Сллоогрентные взаимосвязи Формо-систем индивидуальных Миров с Универсумами Мироздания,Глава 5. Взаимодействие различных видов ПВК друг с другом,2.6.5.5,"Эгллеролифтивная очерёдность формирования ПВК. Пример нашей Звёздной Сущности, Ноо-Сфера Земли. Магнитное поле Земли защищает нас от излучений. Многослойная индивидуальная магнитная защита Формо-систем. Электрическое и гравитационное поля Земли.",2.0624
Основы,Том 2,Раздел VI,Сллоогрентные взаимосвязи Формо-систем индивидуальных Миров с Универсумами Мироздания,Глава 6. Организация субъективных Реальностей в Формо-системы Миров,2.6.6.1,Определение Формо-систем Миров - это пространственно-временной квантовый срез Фокусной Динамики Вселенской группы ПВК. Важная характеристика Формо-систем Миров - частота её проявления. Как сформирована многомировая структура фокусных Конфигураций Мироздания. Уравнение для частоты проявления Формо-систем Миров.,2.0630
Основы,Том 2,Раздел VI,Сллоогрентные взаимосвязи Формо-систем индивидуальных Миров с Универсумами Мироздания,Глава 6. Организация субъективных Реальностей в Формо-системы Миров,2.6.6.2,"Определение с-Реальности. Если мы что-то не видим (тепло, электромагнитное излучение), то это все равно может входить в с-Реальность. Сон входит в с-Реальность, но не входит в ГИК. Вещие сны и розовые мечты.",2.0633
Основы,Том 2,Раздел VI,Сллоогрентные взаимосвязи Формо-систем индивидуальных Миров с Универсумами Мироздания,Глава 6. Организация субъективных Реальностей в Формо-системы Миров,2.6.6.3,"С-Реальность - это информационное Пространство Формо-систем (индивидуальные ОДС), а ГИК отражает состояние Резомиралов. Общий ПВК - это Пространство-Время, структурированное Кармо-Формами множества с-Реальностей. ГИК - это часть Пространства-Времени, наполненная теми СФУУРММ-Формами, которые наиболее коварлерртны Фокусной Динамике других Формо-Творцов.",2.0638
Основы,Том 2,Раздел VI,Сллоогрентные взаимосвязи Формо-систем индивидуальных Миров с Универсумами Мироздания,Глава 6. Организация субъективных Реальностей в Формо-системы Миров,2.6.6.4,"Пересечение индивидуальный ПВК: появление животных в человеческих ПВК. С каждым клексованием с-Реальность качественно меняется, но эти изменения из-за ограниченности восприятия, не обнаруживаются. Тенденция повышения качественности нашей Фокусной Динамики - изменение с-Реальностей происходит все быстрее.",2.0640
Основы,Том 2,Раздел VI,Сллоогрентные взаимосвязи Формо-систем индивидуальных Миров с Универсумами Мироздания,Глава 6. Организация субъективных Реальностей в Формо-системы Миров,2.6.6.5,"Существуют протоформные с-Реальности, структурирующие протоформные ПВК, которые отличаются из-за разных Схем Синтеза. С-Реальности Коллективных Сознаний - это Эгрегоры. С-Реальности находятся каждая в своём временном режиме, у них разное восприятие Временной Сущности. Мы, находясь в диффузгентности, плохо понимаем друг друга.",2.0646
Основы,Том 2,Раздел VI,Сллоогрентные взаимосвязи Формо-систем индивидуальных Миров с Универсумами Мироздания,"Глава 7. Прошлое, настоящее и будущее в одном Миге Вечности",2.6.7.1,"Универсальная Структура взаимодействия Информации с Самосознанием ССС-Сущности, происходящая в единый Момент Вечности. Время нельзя рассматривать в горизонтальной и вертикальной линейности. Ни один сценарий не пропадает бесследно, а будущее не привносится извне - всё в ОДНОМ сллоогрентном Состоянии.",2.0650
Основы,Том 2,Раздел VI,Сллоогрентные взаимосвязи Формо-систем индивидуальных Миров с Универсумами Мироздания,"Глава 7. Прошлое, настоящее и будущее в одном Миге Вечности",2.6.7.2,"Три условные временные категории проявления: Память-Мира-О-Былом, Текущее-Содержание-Мира, Будущее-Содержание-Мира. Они не имеют ничего общего с объективной Реальностью. Всё длится один Миг Вечности. ФДО ОДС структурирует ВЭН, а ФПВ Резомиралов - ПЭС. ",2.0655
Основы,Том 2,Раздел VI,Сллоогрентные взаимосвязи Формо-систем индивидуальных Миров с Универсумами Мироздания,"Глава 7. Прошлое, настоящее и будущее в одном Миге Вечности",2.6.7.3,"При этом реализуется Энергия за счёт аннигиляции тензорности. Субъективный сдвиг воспринимается как картинка Пространства и образует перефоксировку. За секунду осуществляется 250-400 сдвигов, в результате возникает иллюзия отсутствия разрывов. ССФУ-УНГСС-смещение на уровне Формо-систем и ДДИУЙЙИ-Сущности.",2.0658
Основы,Том 2,Раздел VII,Вселенские ритмы Высшего Космического Разума АЙФААР,Глава 1. Грани подобия человека и Вселенной,2.7.1.1,Вселенские Формо-системы Миров и их разница с Фокусной Динамикой наших Формо-систем. Истинный Смысл Принципа ССФУ-УНГСС-смещений. Мы меняемся каждое мгновение.,2.0660
Основы,Том 2,Раздел VII,Вселенские ритмы Высшего Космического Разума АЙФААР,Глава 1. Грани подобия человека и Вселенной,2.7.1.2,"Сравнение Динамики Вселенных с каплей в океане. Зеркальные двойники Вселенных. Благодара ССФУ-УНГСС каждое Творение имеет миллионы вариантов развития. Квантовый скачок. Как он происходит на Земле, инверсия магнитных полюсов.",2.0665
Основы,Том 2,Раздел VII,Вселенские ритмы Высшего Космического Разума АЙФААР,Глава 1. Грани подобия человека и Вселенной,2.7.1.3,"При инверсии полюсов мы перефокусируемся туда, где фотоны являются высокоэнергетическими и у нас тела несколько другие. Но чтобы туда попасть, Коллективному Сознанию человечества надо резко повысить качественность своих СФУУРММ-Форм. Нам пока нет смысла об этом говорить.",2.0671
Основы,Том 2,Раздел VII,Вселенские ритмы Высшего Космического Разума АЙФААР,Глава 1. Грани подобия человека и Вселенной,2.7.1.4,"Ииссиидиология пока что будет лженаукой. Интуитивный метод познания пока имеет много проблем. О Мироздании мы будем говорить только косвенно. Что автор понимает под Вселенными. Говоря о Бесконечности, не знаешь с чего начать. ",2.0675
Основы,Том 2,Раздел VII,Вселенские ритмы Высшего Космического Разума АЙФААР,Глава 2. Человек (Вселенная) как Фокус Самосознания,2.7.2.1,"Надо проникнуть в суть понятия мерности - это продолжение Конфигурации вашего Самосознания в виде наружного окружения. Человеческая личность - это набор Фокусов, стабилизированных как Конфигурация. ПВК также является сочетанием Конфигураций. ",2.0683
Основы,Том 2,Раздел VII,Вселенские ритмы Высшего Космического Разума АЙФААР,Глава 2. Человек (Вселенная) как Фокус Самосознания,2.7.2.2,"Что такое Фокус и откуда возникло всё их многообразие? Это производная по энергетическому параметру. Формо-Творцам соответтствуют Конфигурации Инфо-Творцов. Самосознание - это внутренняя принадлежность Энерго-Плазмы, а Форма проявления - это энергетическая характеристика Резомирала проявления.",2.0686
Основы,Том 2,Раздел VII,Вселенские ритмы Высшего Космического Разума АЙФААР,Глава 2. Человек (Вселенная) как Фокус Самосознания,2.7.2.3, Иллюзия динамики смещения. Фокусу для совмещения с более кач. Конфигурацией надо осуществить множество смещений в инф. пространстве Самосознания. УФС – это сумма всех Фокусов Пристального Внимания. ,2.0689
Основы,Том 2,Раздел VII,Вселенские ритмы Высшего Космического Разума АЙФААР,Глава 2. Человек (Вселенная) как Фокус Самосознания,2.7.2.4,"Наши тела, а также мысли и чувства состоят из элементарных частиц (обладают волновой природой). Также человек и животные находятся в условиях реализации Планетарной Сущности. То, что человек в будущем является чем-то большим, не значит, что он станет Планетой. ЛЛУУ-ВВУ-Миры 4-5 мерности. Ллууввумические и протоформные флаксовые ПВК.",2.0692
Основы,Том 2,Раздел VII,Вселенские ритмы Высшего Космического Разума АЙФААР,Глава 2. Человек (Вселенная) как Фокус Самосознания,2.7.2.5,"Возможность создания окружающей действительности. Мы углубляемся на лептонно-бозонный Уровень Фокусной Динамики. Пока что нам надо все Понятия разделить, чтобы разобраться в механизме Мироздания. Любая Фокусная Динамика - это проекция УФС. ",2.0697
Основы,Том 2,Раздел VII,Вселенские ритмы Высшего Космического Разума АЙФААР,Глава 2. Человек (Вселенная) как Фокус Самосознания,2.7.2.6,"Наше существование - это квантовые смещения, аннигиляция диссонансов. В данном типе мерности все проекции УФС - это ФПВ. Аналоги ФПВ в 1-2, 2-3, 4-5 и т.д. мерностях. Можно ли выйти на Уровень восприятия УФС? УФС-Динамика осуществляется в Единый Миг Вечности.",2.0700
Основы,Том 2,Раздел VII,Вселенские ритмы Высшего Космического Разума АЙФААР,Глава 2. Человек (Вселенная) как Фокус Самосознания,2.7.2.7,Возможность наблюдения окружающей действительности. Состояние Самосознания зависит от уровня совместного проявления Формо-Творцов и Инфо-Творцов. Что такое Миг Вечности и Мироздание. Время - одна из функций Самосознания. Резомиралы как компьютерные файлы. ,2.0705
Основы,Том 2,Раздел VII,Вселенские ритмы Высшего Космического Разума АЙФААР,Глава 2. Человек (Вселенная) как Фокус Самосознания,2.7.2.8,Миг и Вечность - дуализмы. Наличие ФПВ приводит к субъективному растягиванию одного Мига.,2.0710
Основы,Том 2,Раздел VII,Вселенские ритмы Высшего Космического Разума АЙФААР,Глава 3. Базовые характеристики мерности Пространства-Времени,2.7.3.1,"Мерность Пространства-Времени. Резомиралы проявлены одновременно из-за Суперуниверсального Импульс-Потенциалов. Время образуется из-за диссонационного расстояния, зависящего от протоформности.",2.0713
Основы,Том 2,Раздел VII,Вселенские ритмы Высшего Космического Разума АЙФААР,Глава 3. Базовые характеристики мерности Пространства-Времени,2.7.3.2,Мерность мы рассматриваем только в синтетических состояниях Формо-систем. Всякое Пространство-Время оструктурено индивидуальной Конфигурацией мерности. Мерность - в каждом сочетании Конфигураций Формо-систем. Определение мерности. Образование диапазонов мерности.,2.0718
Основы,Том 2,Раздел VII,Вселенские ритмы Высшего Космического Разума АЙФААР,Глава 3. Базовые характеристики мерности Пространства-Времени,2.7.3.3,Мерность зависит от типа бирвуляртности. Сочетание между собой разных с-Реальностей и формирование групп ПВК. Фокусная Динамика в Пространственно-Временных Сущностях структурируется аттракторно очень высокими типами мерности.,2.0723
Основы,Том 2,Раздел VII,Вселенские ритмы Высшего Космического Разума АЙФААР,Глава 3. Базовые характеристики мерности Пространства-Времени,2.7.3.4,Наша текущая Фокусная Динамика в отличие от диапазона проявления наших реализационных Форм активна в диапазоне 0-4 мерн. В нашу Фокусную Динамику вкраплено множество протоформных Представлений. Через них мы перефоксируемся до 12 мерности 12-кач. Вселенской Сущности и дальше до 24 мерн. Ограничений Процесса Само-Познания не существует.,2.0730
Основы,Том 2,Раздел VII,Вселенские ритмы Высшего Космического Разума АЙФААР,Глава 4. Ритмосхемы синтетического развития разных типов бирвуляртностей,2.7.4.1,Цикличность мерностных сочетаний для любой Формы Самосознания. Схема Синтеза АИЙ-ЙЯ. Смещение в другие мерностные последовательности приводит к смене типа бирвуляртности. ,2.0735
Основы,Том 2,Раздел VII,Вселенские ритмы Высшего Космического Разума АЙФААР,Глава 4. Ритмосхемы синтетического развития разных типов бирвуляртностей,2.7.4.2,Пограничная разновидность Прото-Форм. УФС ллууввумической Схемы Синтеза и неосознанные диффузгентные перефоксировки в пограничных зонах с другими Прото-Формами.,2.0740
Основы,Том 2,Раздел VII,Вселенские ритмы Высшего Космического Разума АЙФААР,Глава 4. Ритмосхемы синтетического развития разных типов бирвуляртностей,2.7.4.3,"Другие ритмосхемы Формо-Творцов синтетического типа Мироздания. Особенности пересечения ритмов: бирвуляртные склоонгмы. Одни и те же Формо-Творцы перефокусируются между разными Схемами Синтеза. Нет разноуровневых Формо-Творцов, вопрос только в количестве взаимосвязей.",2.0744
Основы,Том 2,Раздел VII,Вселенские ритмы Высшего Космического Разума АЙФААР,Глава 4. Ритмосхемы синтетического развития разных типов бирвуляртностей,2.7.4.4,Склоонгмы объединяют типы бирвуляртностей. Точки фокусного перехода 0-мерность и 36-мерность. Желаемый диапазон проявления активизируется только после синтеза всех взаимосвязей внизу. Подчакрамные перефоксировки.,2.0750
Основы,Том 2,Раздел VII,Вселенские ритмы Высшего Космического Разума АЙФААР,Глава 4. Ритмосхемы синтетического развития разных типов бирвуляртностей,2.7.4.5,ДДИУЙЙИ-Сущность - совокупность Формо-Творцов Косм. Разума АЙФААР. ДДИУЙЙИ можно сравнить с деревней. Выше 36 мерности мы не способны пока изучать. Под термином Вселенная автор будет подразумевать ДДИУЙЙИ. ,2.0755
Основы,Том 2,Раздел VII,Вселенские ритмы Высшего Космического Разума АЙФААР,Глава 4. Ритмосхемы синтетического развития разных типов бирвуляртностей,2.7.4.6,Мироздание также структурировано  множеством Вселенских Сущностей разномерных типов кроме 36-мерных. ДДИУЙЙИ структурирована менее мерностными Вселенскими Сущностями. Три Уровня Энерго-Плазмы. Что такое АИЙС-ССС-Поток. Другие Потоки - как зерновые культуры.,2.0758
Основы,Том 2,Раздел VII,Вселенские ритмы Высшего Космического Разума АЙФААР,Глава 5. Световой Поток как механизм образования Мироздания. Мужской и женский Импульс-Потенциалы,2.7.5.1,"Световой Поток - совокупность Фокусов для перепроецирования Формо-Творцов. Фотоны - почти самая грубая часть Светового Потока Третичной Энерго-Плазмы. ТРООГОЛЛТ-ССС-Состояние Светового Потока. Состояния ИЙИСС-ССС и АИЙС-ССС неотделимы. Мироздание - совокупность ККР, структурирующих разные части АИЙС-ССС-Сущности.",2.0764
Основы,Том 2,Раздел VII,Вселенские ритмы Высшего Космического Разума АЙФААР,Глава 5. Световой Поток как механизм образования Мироздания. Мужской и женский Импульс-Потенциалы,2.7.5.2,"Универсальный «Световой Поток» МААИИЙГ-ССС-МАА, его отличие от ИЙИСС-ССС. АЙФААР - тип общей Фокусной Динамики ССЛИИИЙ-ССС-Сущности. Её 12 СЕКТОРОВ, 12 Подсекторов. Запоминать Коды нет смысла.",2.0766
Основы,Том 2,Раздел VII,Вселенские ритмы Высшего Космического Разума АЙФААР,Глава 5. Световой Поток как механизм образования Мироздания. Мужской и женский Импульс-Потенциалы,2.7.5.3,"Как Энерго-Плазма отображается в Фокусной Динамике Самосознаний - Волна Света в УФС. Механизм её проявления инициирован всевозможными Принципами. Ещё раз об образовании Мироздания из Энерго-Плазмы. Импульс-Потенциалы - это некая универсальная Программа, совершившаяся в один Миг.",2.0771
Основы,Том 2,Раздел VII,Вселенские ритмы Высшего Космического Разума АЙФААР,Глава 5. Световой Поток как механизм образования Мироздания. Мужской и женский Импульс-Потенциалы,2.7.5.4,"Изначально ирркогликтивный и эгллеролифтивный Потенциалы уравновешены, но затем трансгрессируется диссонационный момент.  Мужской и женский Импульс-Потенциалы сравниваются с Космической ДНК. ",2.0777
Основы,Том 2,Раздел VII,Вселенские ритмы Высшего Космического Разума АЙФААР,Глава 5. Световой Поток как механизм образования Мироздания. Мужской и женский Импульс-Потенциалы,2.7.5.5,"Мужские тенденции могут переходить в женские. Эгллеролифтивный Потенциал мы будем понимать как эволюционный, а ирркогликтивный Потенциал - как инволюционный. Почему надо знать про мужской и женский Импульс-Потенциалы.",2.0780
Основы,Том 2,Раздел VII,Вселенские ритмы Высшего Космического Разума АЙФААР,Глава 5. Световой Поток как механизм образования Мироздания. Мужской и женский Импульс-Потенциалы,2.7.5.6,"То что вы считаете Первопричиной Всего, это лишь один из вариантов проявления более глубоких Причин. Первичная Энерго-Плазма - это промежуточное Состояние Светового Потока. Мерности - это результат брака двух Импульс-Потенциалов, мужского и женского. Их Потомство - Мироздание. Образование ТК Состояний.",2.0784
Основы,Том 2,Раздел VII,Вселенские ритмы Высшего Космического Разума АЙФААР,Глава 5. Световой Поток как механизм образования Мироздания. Мужской и женский Импульс-Потенциалы,2.7.5.7,"Множество научных открытий в ближайшем будущем на основе Ииссиидиологии. Эгллеролифтивный Потенциал отражает наивысшие значения параметров взаимодействия между Энергией и Информацией, а ирркогликтивный Потенциал - наивысшие возможности для реагирования между фрагментами Информации. Состояния ""до"" и ""после"" не существует. Что такое Волна Света в Ииссиидиологии. Её отличие от Светового Потока.",2.0789
Основы,Том 2,Раздел VII,Вселенские ритмы Высшего Космического Разума АЙФААР,Глава 6. Формообразующие свойства Волны Света 3-4 мерности,2.7.6.1,Волна Света в 3-4 мерности - интеграл частот электромагнитного спектра колебаний. В 4-5 мерности состояния Формо-Творцов плазменно-импульсные. Природа возникновения вибраций - диссонационность. Наличие постоянного перекоса в энергоинформационных взаимосвязях - эффект энергоинформационной асимметрии.,2.0794
Основы,Том 2,Раздел VII,Вселенские ритмы Высшего Космического Разума АЙФААР,Глава 6. Формообразующие свойства Волны Света 3-4 мерности,2.7.6.2,"Для перехода в следующий диапазон Фокусная Динамика должна полностью схлопнуться. Протоформные ПВК невидимо проницают и наш ПВК - это дестабилизирующие факторы. В тех ПВК взаимодействия не являются электромагнитными. У птиц крылья - это лишь вспомогательное средство, а не главный механизм удержания в воздухе. Условия проявления отличаются, но ученые могут пока для волны померять лишь длину и частоту.",2.0797
Основы,Том 2,Раздел VII,Вселенские ритмы Высшего Космического Разума АЙФААР,Глава 6. Формообразующие свойства Волны Света 3-4 мерности,2.7.6.3,"О длине волны в ииссиидиологической интерпретации не может идти речи. У ученых может быть только один выход: углубляться в познание Природы образования Фокусов, Принципов ротационности между Энергией и Информацией. В основе Ииссиидиологии интуитивный метод познания, для которого требуются энтузиасты.",2.0802
Основы,Том 2,Раздел VII,Вселенские ритмы Высшего Космического Разума АЙФААР,Глава 6. Формообразующие свойства Волны Света 3-4 мерности,2.7.6.4,Пример расхождения в интерпретациях длины волны в науке и Ииссиидиологии. Никакой линейной  динамики объектов «окружающего мира» не может быть. Необходимо принятие концепции многомировой интерпретации. Иллюзия инерционного движения.,2.0805
Основы,Том 2,Раздел VII,Вселенские ритмы Высшего Космического Разума АЙФААР,Глава 6. Формообразующие свойства Волны Света 3-4 мерности,2.7.6.5,"Определение длины Волны Света.  Ииссиидиологической частоте может соответствовать множество волновых проявлений. Не следует путать это понятие с протяжённостью или частотностью. Чем меньше частота ротационного Сдвига, тем больше частота вибраций. Частота Волны Света - это частота ротационного Сдвига.",2.0808
Основы,Том 2,Раздел VII,Вселенские ритмы Высшего Космического Разума АЙФААР,Глава 6. Формообразующие свойства Волны Света 3-4 мерности,2.7.6.6,Разные Прото-Формы воспринимают одну длину Волны Света по-разному. Ирркуллигренный тип  Фокусной Динамики включён в наш диапазон мерности. Задачи Формо-Творцов-Кураторов нашего диапазона. ,2.0817
Основы,Том 2,Раздел VII,Вселенские ритмы Высшего Космического Разума АЙФААР,Глава 6. Формообразующие свойства Волны Света 3-4 мерности,2.7.6.7,"Наши наши СФУУРММ-Формы настолько низкокачественны, что это не просто низкая мерность - она просто другая. Границы волновых параметров нашего диапазона проявления. Низший предел физического проявления. Разница в длине Волны Света как взаимосвязь с-Реальностей.",2.0820
Основы,Том 2,Раздел VII,Вселенские ритмы Высшего Космического Разума АЙФААР,Глава 6. Формообразующие свойства Волны Света 3-4 мерности,2.7.6.8,"МУУЛЛГ-ССС-МАА определяется Уровнями мерности и качественностью Светового Потока. Показатели мерности СНОО-ССС и ЙЮ-У-ЙЮ. Качественность определить сложно, у всякой Формо-системы должна быть хотя бы одна общая Доминанта с Доминантами ПВК.",2.0823
Основы,Том 2,Раздел VII,Вселенские ритмы Высшего Космического Разума АЙФААР,Глава 6. Формообразующие свойства Волны Света 3-4 мерности,2.7.6.9,"Уникальность каждой мерности - в особенностях сочетания фрагментов Информации. Сравнение Доминант людей и других Прото-Форм. Пример разного восприятия человеческой улыбки, горячей воды и пр. Разное восприятие мерности разных Прото-Форм.",2.0826
Основы,Том 2,Раздел VII,Вселенские ритмы Высшего Космического Разума АЙФААР,Глава 6. Формообразующие свойства Волны Света 3-4 мерности,2.7.6.10,"Признаки отличия мерностей: длины Волны Света. Пример рентгеновской трубки. Длина Волны Света нашей Реальности. Пространственный Коэффициент ротации. ФФЛУАРРС-фактор. ССЛУУЛЛУСС-показатель, его усреднение по Реальности.",2.0829
Основы,Том 2,Раздел VII,Вселенские ритмы Высшего Космического Разума АЙФААР,Глава 6. Формообразующие свойства Волны Света 3-4 мерности,2.7.6.11,"Мы постоянно меняемся, но микроскопически, и не замечаем этого. Мы всегда не в одном сценарии, а в их дувуйллерртной группе. Фокусная Динамика может смещаться либо до 250 сдвигов в человеческом Направлении, либо до 400 сдвигов в протоформном Направлении.",2.0841
Основы,Том 2,Раздел VII,Вселенские ритмы Высшего Космического Разума АЙФААР,Глава 6. Формообразующие свойства Волны Света 3-4 мерности,2.7.6.12,Адекватная оценка Фокусной Динамики других Прото-Форм невозможна. Все проявления нашей реальности являются синтетическим сочетанием электромагнитных волн и их источников ЛУЙЙЮФФЛОЙЛЛИДов.,2.0845
Основы,Том 2,Раздел VIII,Эгллеролифтивные тенденции Вселенных. «Универсальный фокусный эффект Самосознания» или новейший взгляд на теорию большого взрыва,Глава 1. О физическом вакууме,2.8.1.1,Пары виртуальных частиц в физическом вакууме. Термин физический вакуум - это примитивные представления. Волновые и вакуумные ПВК. ,2.0854
Основы,Том 2,Раздел VIII,Эгллеролифтивные тенденции Вселенных. «Универсальный фокусный эффект Самосознания» или новейший взгляд на теорию большого взрыва,Глава 1. О физическом вакууме,2.8.1.2,"Эффект Казимира, ложный вакуум - надсветовая динамика Энерго-Плазмы. Что является причиной проявления Энерго-Плазмы? Ошибка принятой дуалистической версии мировоззрения - независимость Сознания и материи.",2.0862
Основы,Том 2,Раздел VIII,Эгллеролифтивные тенденции Вселенных. «Универсальный фокусный эффект Самосознания» или новейший взгляд на теорию большого взрыва,Глава 1. О физическом вакууме,2.8.1.3,"Ииссиидиология - это научная революция, и появилась она именно сейчас. Волновые теории доказывают, что ничто не уничтожается, а без наличия осознанности это невозможно.",2.0869
Основы,Том 2,Раздел VIII,Эгллеролифтивные тенденции Вселенных. «Универсальный фокусный эффект Самосознания» или новейший взгляд на теорию большого взрыва,Глава 2. Большой взрыв как мизерный фрагмент общей картины образования Мироздания,2.8.2.1,"О теории Большого взрыва. Представление о динамике развития из плотного состояния в разряженность поставлено с ног на голову. Истина - в качественной трансгрессии ""сверху вниз"". Большой взрыв - это лишь мизерный эпизод эволюционно-инволюционного процесса",2.0873
Основы,Том 2,Раздел VIII,Эгллеролифтивные тенденции Вселенных. «Универсальный фокусный эффект Самосознания» или новейший взгляд на теорию большого взрыва,Глава 2. Большой взрыв как мизерный фрагмент общей картины образования Мироздания,2.8.2.2,Мы существуем ка часть эгллеролифтивного Потенциала и не существуем как часть ирркогликтивного Потенциала. Ложное впечатление проявленности всего. В теории Большого взрыва нет Причины начала всего. Иллюзия развития из прошлого в будущее. О более истинном Прошлом.,2.0878
Основы,Том 2,Раздел VIII,Эгллеролифтивные тенденции Вселенных. «Универсальный фокусный эффект Самосознания» или новейший взгляд на теорию большого взрыва,Глава 2. Большой взрыв как мизерный фрагмент общей картины образования Мироздания,2.8.2.3,"Вещество, время, пространство слагаются из информационных взаимосвязей. Невозможно получить из более плотного состояния вещества (дооллсового) менее плотное (флаксовое). Процесс образования Вселенных идет из более синтезированного состояния Энерго-Плазмы в менее синтезированное.",2.0882
Основы,Том 2,Раздел VIII,Эгллеролифтивные тенденции Вселенных. «Универсальный фокусный эффект Самосознания» или новейший взгляд на теорию большого взрыва,Глава 2. Большой взрыв как мизерный фрагмент общей картины образования Мироздания,2.8.2.4,"Ииссиидиологический взгляд на инерционное развитие. Иллюзия вдохов и выдохов, графическая интерпретация на рисунке. В нашем будущем плотность вещества понижается (состояние сллоогрентной сингулярности Информации).",2.0886
Основы,Том 2,Раздел VIII,Эгллеролифтивные тенденции Вселенных. «Универсальный фокусный эффект Самосознания» или новейший взгляд на теорию большого взрыва,Глава 2. Большой взрыв как мизерный фрагмент общей картины образования Мироздания,2.8.2.5,"Качественная аннигиляция разномерностных частиц (таблица). Надо учесть, что даже в нашем диапазоне при других Доминантах будут другие частицы (не фотоны). ",2.0892
Основы,Том 2,Раздел VIII,Эгллеролифтивные тенденции Вселенных. «Универсальный фокусный эффект Самосознания» или новейший взгляд на теорию большого взрыва,Глава 2. Большой взрыв как мизерный фрагмент общей картины образования Мироздания,2.8.2.6,"Что было до того, как Всё стало быть. Универсальный Космический Импульс-Потенциал выражается у нас через два Потенциала - ирркогликтивный и эгллеролифтивный. Так образовалось Пространство-Время. Не может быть понятия ""наша Вселенная"".",2.0898
Основы,Том 2,Раздел VIII,Эгллеролифтивные тенденции Вселенных. «Универсальный фокусный эффект Самосознания» или новейший взгляд на теорию большого взрыва,Глава 2. Большой взрыв как мизерный фрагмент общей картины образования Мироздания,2.8.2.7,Законы не противоречат существованию множества Вселенных. Под словом Вселенная я понимаю совокупность Формо-Систем. Разная кривизна Пространства в группе ПВК существует благодаря бирвуляртности. Взаимопроецирование порождает длительность.,2.0901
Основы,Том 2,Раздел VIII,Эгллеролифтивные тенденции Вселенных. «Универсальный фокусный эффект Самосознания» или новейший взгляд на теорию большого взрыва,Глава 2. Большой взрыв как мизерный фрагмент общей картины образования Мироздания,2.8.2.8,"Описание типов Вселенных: каллааверстные, эллитимоглофные, конверглофные… Примеры различных Вселенных. ",2.0907
Основы,Том 2,Раздел VIII,Эгллеролифтивные тенденции Вселенных. «Универсальный фокусный эффект Самосознания» или новейший взгляд на теорию большого взрыва,Глава 3. Квантовый эффект Самосознания и субъективность восприятия Времени,2.8.3.1,"Откуда в теории Большого взрыва возник возраст 14 млдр. лет? Относительность времени, на самом деле это квантовый эффект Самосознания. Субъективность восприятия - это совокупность диссонационных расстояний. Их зависимость от мерности. ",2.0922
Основы,Том 2,Раздел VIII,Эгллеролифтивные тенденции Вселенных. «Универсальный фокусный эффект Самосознания» или новейший взгляд на теорию большого взрыва,Глава 3. Квантовый эффект Самосознания и субъективность восприятия Времени,2.8.3.2,Субъективные ощущения реальности Времени. Образование ротационного Цикла. Субъективное течение Времени. Время - это ноумен. Сущность Времени как ТОО-УУ.,2.0927
Основы,Том 2,Раздел VIII,Эгллеролифтивные тенденции Вселенных. «Универсальный фокусный эффект Самосознания» или новейший взгляд на теорию большого взрыва,Глава 3. Квантовый эффект Самосознания и субъективность восприятия Времени,2.8.3.3," Инерционные свойства Времени с понижением мерности. Индивидуальные динамические особенности Времени. Эфемеридное время. Отказ от договорного времени. Время в разных веках, у разных Прото-Форм, в разных Вселенных течет по-разному",2.0935
Основы,Том 2,Раздел VIII,Эгллеролифтивные тенденции Вселенных. «Универсальный фокусный эффект Самосознания» или новейший взгляд на теорию большого взрыва,Глава 4. Фокусный Эффект Самосознания. Человек есть Вселенная,2.8.4.1,Теория Большого взрыва совершенно не верна - давайте разберем это подробно. Реально существует Фокусная динамика качественного преобразования Формо-Творцов. ,2.0953
Основы,Том 2,Раздел VIII,Эгллеролифтивные тенденции Вселенных. «Универсальный фокусный эффект Самосознания» или новейший взгляд на теорию большого взрыва,Глава 4. Фокусный Эффект Самосознания. Человек есть Вселенная,2.8.4.2,"Понятия ""Всё Материально СУЩЕЕ"" и ""Универсальный Фокусный Эффект Самосознания"". Сосредоточимся только на 3-4-мерном диапазоне. Вселенные - это открытые Формо-системы Миров. Сравнение с возмущением в океанической точке. Передача Информации с помощью свилгсонов и их аналогов. ",2.0959
Основы,Том 2,Раздел VIII,Эгллеролифтивные тенденции Вселенных. «Универсальный фокусный эффект Самосознания» или новейший взгляд на теорию большого взрыва,Глава 4. Фокусный Эффект Самосознания. Человек есть Вселенная,2.8.4.3,"Любое явление заключено в вашей фокусной динамике, но не причины, которые скрыты. Множество индивидуальных Фокусных Эффектов Самосознания (больших взрывов) на допланковском Уровне, структурирующих наш Фокус Самосознания.",2.0965
Основы,Том 2,Раздел VIII,Эгллеролифтивные тенденции Вселенных. «Универсальный фокусный эффект Самосознания» или новейший взгляд на теорию большого взрыва,Глава 4. Фокусный Эффект Самосознания. Человек есть Вселенная,2.8.4.4,"Вы и есть Вселенная, не фигурально, а функционально. Индивидуальные ФЭС структурируют Универсальные ФЭС. Учёные описали динамику синтеза своих диссонационных расстояний.",2.0968
Основы,Том 2,Раздел VIII,Эгллеролифтивные тенденции Вселенных. «Универсальный фокусный эффект Самосознания» или новейший взгляд на теорию большого взрыва,Глава 5. Сотворение Вселенной посредством разноуровневых взаимосвязей Мироздания,2.8.5.1,"Надо взглянуть на Сотворение Вселенной гораздо глубже и осознаннее. Рассмотрение фридмановской модели эволюции Вселенной. Расширение (эволюция, эгглеролифтивность) - сжатие (инволюция, ирркогликтивность). ",2.0973
Основы,Том 2,Раздел VIII,Эгллеролифтивные тенденции Вселенных. «Универсальный фокусный эффект Самосознания» или новейший взгляд на теорию большого взрыва,Глава 5. Сотворение Вселенной посредством разноуровневых взаимосвязей Мироздания,2.8.5.2,"В пространственно-временной структуре мироздания нет механических процессов и инерционного Существования, есть только качественные изменения Форм Самосознаний. Автор не может без конца напоминать об этом. Никакой централизации со стороны Импульс-Потенциалов нет. ЛУЙЙЮФФЛОЙЛЛИДы позволяют мультиполяризационное ""проецирование"" Формо-Творцов.",2.0981
Основы,Том 2,Раздел VIII,Эгллеролифтивные тенденции Вселенных. «Универсальный фокусный эффект Самосознания» или новейший взгляд на теорию большого взрыва,Глава 5. Сотворение Вселенной посредством разноуровневых взаимосвязей Мироздания,2.8.5.3,"Тонкие изменения в более грубых Уровнях мерностей за счёт тонких процессов более качественных Творцов. Отдельно каждый Уровень Вселенную создать не может, потому что всё - это Проекции из разных Уровней.",2.0990
Основы,Том 2,Раздел VIII,Эгллеролифтивные тенденции Вселенных. «Универсальный фокусный эффект Самосознания» или новейший взгляд на теорию большого взрыва,Глава 5. Сотворение Вселенной посредством разноуровневых взаимосвязей Мироздания,2.8.5.4,"Как образовалось Всё материально СУЩЕЕ. Динамика Вселенского УФЭС, образование Форм Самосознаний. Эволюционный Процесс - это качественные проекции эгллеролифтивного Импусльса. УФЭС - ИФЭС динамика ",2.0993
Основы,Том 2,Раздел VIII,Эгллеролифтивные тенденции Вселенных. «Универсальный фокусный эффект Самосознания» или новейший взгляд на теорию большого взрыва,Глава 6. Межмерностная универсальность УПДИ,2.8.6.1,"УПДИ, в частности реликтовое излучение и прочее для 3-4-мерного диапазона нашего проявления. Гравитационное поле реликтового излучения. Ограничение передачи взаимодействий скоростью света. Аналогия со стоячими волнами.",2.1000
Основы,Том 2,Раздел VIII,Эгллеролифтивные тенденции Вселенных. «Универсальный фокусный эффект Самосознания» или новейший взгляд на теорию большого взрыва,Глава 6. Межмерностная универсальность УПДИ,2.8.6.2,"Энергоинформационные «Всплески», состоящие из «индивидуальных импульсных Волн» в Мироздании как разнокачественные вдохи-выдохи. Катиолептические и аниолептические ПВК, Антимиры. Универсальность УПДИ.",2.1012
Основы,Том 2,Раздел VIII,Эгллеролифтивные тенденции Вселенных. «Универсальный фокусный эффект Самосознания» или новейший взгляд на теорию большого взрыва,Глава 6. Межмерностная универсальность УПДИ,2.8.6.3,Схемы Синтеза определяют отношение Формо-систем друг к другу. Вещество и антивещество. Возникновение инерции и временных петель. Взаимоуравновешенность мультиполяризационных Направлений развития. ,2.1017
Основы,Том 2,Раздел VIII,Эгллеролифтивные тенденции Вселенных. «Универсальный фокусный эффект Самосознания» или новейший взгляд на теорию большого взрыва,Глава 6. Межмерностная универсальность УПДИ,2.8.6.4,Главная причина ускоренного расширения Вселенной. Динамика Вселенских Сущностей 3-4-мерного диапазона. На смену тяготению приходит антитяготение. Более качественные Уровни УПДИ распределены между Конфигурациями менее качественных Уровней,2.1024
Основы,Том 2,Раздел VIII,Эгллеролифтивные тенденции Вселенных. «Универсальный фокусный эффект Самосознания» или новейший взгляд на теорию большого взрыва,Глава 7. Ллууввумические тенденции в образовании Вселенной,2.8.7.1,"Описание ллууввумического направления, начиная с 3-4 мерности.  Диффузгентные для нас ПВК со второй Доминантой ВСЕ-Единство, ВСЕ-Целостность, ВСЕ-Сущность-ВСЕ-Проницаемость и т.д. Эффект антигравитации.",2.1031
Основы,Том 2,Раздел VIII,Эгллеролифтивные тенденции Вселенных. «Универсальный фокусный эффект Самосознания» или новейший взгляд на теорию большого взрыва,Глава 7. Ллууввумические тенденции в образовании Вселенной,2.8.7.2,Демонстрация ллууввумического Направления сверху вниз начиная с 8-9 мерности. Анализ перехода 4-5 в 3-4 мерности. Кинетическая энергия преодоления диссонационных расстояний - это мизерная часть потенциальной энергии 4-5 уровней. ,2.1044
Основы,Том 2,Раздел VIII,Эгллеролифтивные тенденции Вселенных. «Универсальный фокусный эффект Самосознания» или новейший взгляд на теорию большого взрыва,Глава 7. Ллууввумические тенденции в образовании Вселенной,2.8.7.3,"В человеческих ПВК у людей есть преимущество из-за синтезируемых Доминант, хотя в нижних резопазонах отличий от животных мало. Инерционное образование частиц из флаксов в дооллсы. ",2.1051
Основы,Том 2,Раздел VIII,Эгллеролифтивные тенденции Вселенных. «Универсальный фокусный эффект Самосознания» или новейший взгляд на теорию большого взрыва,Глава 7. Ллууввумические тенденции в образовании Вселенной,2.8.7.4,"Бозоны, фермионы в разных резопазонах. Сложность их образования. Эволюционирующие и инволюционирующие Вселенские Сущности: что их разделяет?",2.1056
Основы,Том 2,Раздел VIII,Эгллеролифтивные тенденции Вселенных. «Универсальный фокусный эффект Самосознания» или новейший взгляд на теорию большого взрыва,Глава 7. Ллууввумические тенденции в образовании Вселенной,2.8.7.5,Смысл термина мультиполяризация. Между разноуровневыми Фокусными Динамиками нет границ. В «прошлом» человечества могут заключаться лучшие варианты его «будущего». Путешествие в прошлое по наиболее качественным вариантам Фокусной Динамики. ,2.1062
Основы,Том 2,Раздел VIII,Эгллеролифтивные тенденции Вселенных. «Универсальный фокусный эффект Самосознания» или новейший взгляд на теорию большого взрыва,Глава 7. Ллууввумические тенденции в образовании Вселенной,2.8.7.6,Антивселенная на один диапазон ниже Вселенной. Подробней о трансгрессии частиц с понижением резопазонов от 3.75 до 3.0. Флакс- и Дооллс-бозоны. ,2.1075
Основы,Том 2,Раздел VIII,Эгллеролифтивные тенденции Вселенных. «Универсальный фокусный эффект Самосознания» или новейший взгляд на теорию большого взрыва,Глава 7. Ллууввумические тенденции в образовании Вселенной,2.8.7.7,"Образование кармо-клофтов. Аннигиляция и проявление частиц в 3-4 мерности. Тяжелые частицы постепенно пропадают с повышением мерности, нейтрино становятся неуловимыми. Описание процесса понижения температуры и давления во Вселенной",2.1080
Основы,Том 2,Раздел VIII,Эгллеролифтивные тенденции Вселенных. «Универсальный фокусный эффект Самосознания» или новейший взгляд на теорию большого взрыва,Глава 7. Ллууввумические тенденции в образовании Вселенной,2.8.7.8,Образование окололлууввумических и уравновешенных ПВК из субъективных реальностей Прото-Форм при переходе одной из Доминант в рецессивное состояние. УФЭС всплески происходят постоянно. Фокусная Динамика Самосознания - мельчайшая деталь такого Вплеска.,2.1090
Основы,Том 2,Раздел VIII,Эгллеролифтивные тенденции Вселенных. «Универсальный фокусный эффект Самосознания» или новейший взгляд на теорию большого взрыва,Глава 7. Ллууввумические тенденции в образовании Вселенной,2.8.7.9,Фокусные Динамики Вселенных образуются в один Момент Вечности. Истинный вакуум как нестабильное пограничное состояние Фокусной Динамики флаксовых Формо-Творцов - ложный вакуум и УПДУЙКК-Поле с кармо-клофтами. Равноценное сочетание ирркогликтивного и эгллеролифтивного Импульсов из 4-5 и 2-3 мерностей порождает Формо-Материю.,2.1095
Основы,Том 2,Раздел VIII,Эгллеролифтивные тенденции Вселенных. «Универсальный фокусный эффект Самосознания» или новейший взгляд на теорию большого взрыва,Глава 8. Кармо-плазмоиды как основа материальности любой Вселенной,2.8.8.1,"Кармо-клофты, УПДУЙКК-Поле и Конверсумные Каузальные Поля-Сознания 3-4-мерного диапазона. Тонкие отличия между одними и теми же частицами. Электрон электрону рознь. Все частицы связаны и не являются самостоятельным проявлением.",2.1100
Основы,Том 2,Раздел VIII,Эгллеролифтивные тенденции Вселенных. «Универсальный фокусный эффект Самосознания» или новейший взгляд на теорию большого взрыва,Глава 8. Кармо-плазмоиды как основа материальности любой Вселенной,2.8.8.2,"МКак ученые получают предвиденные результаты в экспериментах с частицами. Перефокусировки  человечества в Ноо-Сфере. Любая Вселенная - универсальная среда для проявления осознанности. Поняв, что всё осознанно, мы сможем изменять законы Вселенной. ",2.1108
Основы,Том 2,Раздел VIII,Эгллеролифтивные тенденции Вселенных. «Универсальный фокусный эффект Самосознания» или новейший взгляд на теорию большого взрыва,Глава 8. Кармо-плазмоиды как основа материальности любой Вселенной,2.8.8.3,"Любая Вселенная - это субъективные реальности, как коллективные сны. Каждый видит сон, который хочет. У нас общие субъективные реальности с протонами и нейтронами. Спин-орбитальные преобразования следует рассматривать как свилгс-сферационные перефоксировки. ",2.1114
Основы,Том 2,Раздел VIII,Эгллеролифтивные тенденции Вселенных. «Универсальный фокусный эффект Самосознания» или новейший взгляд на теорию большого взрыва,Глава 8. Кармо-плазмоиды как основа материальности любой Вселенной,2.8.8.4,"Появление других электролитов в воде. Уточнения про тонкие отличия нуклонов, фотонов.",2.1118
Основы,Том 2,Раздел VIII,Эгллеролифтивные тенденции Вселенных. «Универсальный фокусный эффект Самосознания» или новейший взгляд на теорию большого взрыва,Глава 8. Кармо-плазмоиды как основа материальности любой Вселенной,2.8.8.5,"Все Формо-Творцы - это кармо-клофты. Они выполняют роль основных «декодеров» и «адаптеров» ВВУ-Информации, трансгрессируемой ФЛАКС-Творцами. Их разновидности. Эффект появления массы.",2.1122
Основы,Том 2,Раздел VIII,Эгллеролифтивные тенденции Вселенных. «Универсальный фокусный эффект Самосознания» или новейший взгляд на теорию большого взрыва,Глава 8. Кармо-плазмоиды как основа материальности любой Вселенной,2.8.8.6,Поле Хиггса. Меняющаяся масса покоя частиц. Фотоны не приобретают массы покоя во всём 3-4-мерном диапазоне.,2.1128
Основы,Том 2,Раздел VIII,Эгллеролифтивные тенденции Вселенных. «Универсальный фокусный эффект Самосознания» или новейший взгляд на теорию большого взрыва,Глава 8. Кармо-плазмоиды как основа материальности любой Вселенной,2.8.8.7,Хвасслоны определяют очерёдность формирования связей УПДУЙКК. Принцип зарождения и последовательной реализации взаимосвязей между кармо-плазмоидами в диапазоне 2.5 - 4.5,2.1132
Основы,Том 2,Раздел VIII,Эгллеролифтивные тенденции Вселенных. «Универсальный фокусный эффект Самосознания» или новейший взгляд на теорию большого взрыва,Глава 8. Кармо-плазмоиды как основа материальности любой Вселенной,2.8.8.8,Пограничные Поля-Сознания в резопазонах мерностей. Более качественные диапазоны Каузального План-Обертона.,2.1136
Основы,Том 2,Раздел VIII,Эгллеролифтивные тенденции Вселенных. «Универсальный фокусный эффект Самосознания» или новейший взгляд на теорию большого взрыва,Глава 8. Кармо-плазмоиды как основа материальности любой Вселенной,2.8.8.9,"Качественные преобразования кармо-клофтами промежуточных частиц до состояния космического излучения. Взаимопреобразование частиц. О паре электрон-полярон. Ошибочность интерпретации Большого взрыва, одномоментность УФЭС.",2.1141
