БДК;Том 10;Раздел I. Основополагающие Принципы Бессмертия в системе «личностного» Восприятия;Глава 1. Понятие Бессмертия. Миссия Человечества;10.1.1.1;О бесконечности Мироздания и Ииссиидиологии, которая призвана в корне изменить  наши взгляды;10001-10006
БДК;Том 10;Раздел I. Основополагающие Принципы Бессмертия в системе «личностного» Восприятия;Глава 1. Понятие Бессмертия. Миссия Человечества;10.1.1.2;Иллюзия нашей системы Восприятия. Инерция мышления – тормоз эволюции;10007-10016
БДК;Том 10;Раздел I. Основополагающие Принципы Бессмертия в системе «личностного» Восприятия;Глава 1. Понятие Бессмертия. Миссия Человечества;10.1.1.3;Выход из Иллюзии – это очень деликатный баланс осознанных Выборов;10017-10023
БДК;Том 10;Раздел I. Основополагающие Принципы Бессмертия в системе «личностного» Восприятия;Глава 1. Понятие Бессмертия. Миссия Человечества;10.1.1.4;Понятие истинного Бессмертия. Необходимость трансформации Сознания;10024-10038
БДК;Том 10;Раздел I. Основополагающие Принципы Бессмертия в системе «личностного» Восприятия;Глава 1. Понятие Бессмертия. Миссия Человечества;10.1.1.5;Самосознание не продукт функционирования мозга, а тело не есть личность;10039-10044
БДК;Том 10;Раздел I. Основополагающие Принципы Бессмертия в системе «личностного» Восприятия;Глава 1. Понятие Бессмертия. Миссия Человечества;10.1.1.6;Бессмертие, коллективная Мечта, Духовная Цель, Желание Бессмертия, Любовь к Жизни;10045-10059
БДК;Том 10;Раздел I. Основополагающие Принципы Бессмертия в системе «личностного» Восприятия;Глава 1. Понятие Бессмертия. Миссия Человечества;10.1.1.7;Влияние психических состояний на физиологическое Бессмертие;10060-10068
БДК;Том 10;Раздел I. Основополагающие Принципы Бессмертия в системе «личностного» Восприятия;Глава 1. Понятие Бессмертия. Миссия Человечества;10.1.1.8;В каких Мирах и для чего нужен механизм «Смерти»;10069-10077
БДК;Том 10;Раздел I. Основополагающие Принципы Бессмертия в системе «личностного» Восприятия;Глава 1. Понятие Бессмертия. Миссия Человечества;10.1.1.9;Изначальная Миссия Человечества. Смена человеческих формаций;10078-10096
БДК;Том 10;Раздел I. Основополагающие Принципы Бессмертия в системе «личностного» Восприятия;Глава 1. Понятие Бессмертия. Миссия Человечества;10.1.1.10;Преодоление страха «Смерти».  Устремление стать Творцом;10097-10107
БДК;Том 10;Раздел I. Основополагающие Принципы Бессмертия в системе «личностного» Восприятия;Глава 2. Понятия «Фокусов»;10.1.2.1;«Рождение» и «Смерть» - два ноовременных факторы;10108-10109
БДК;Том 10;Раздел I. Основополагающие Принципы Бессмертия в системе «личностного» Восприятия;Глава 2. Понятия «Фокусов»;10.1.2.2;Универсальный Фокус Самосознания. Фокус Пристального Внимания. Фокус Творческой Активности;10110-10130
БДК;Том 10;Раздел I. Основополагающие Принципы Бессмертия в системе «личностного» Восприятия;Глава 2. Понятия «Фокусов»;10.1.2.3;Ограничения нынешнего «человеческого» Разума и «узость» наших нынешних «Фокусов»;10131-10140
БДК;Том 10;Раздел I. Основополагающие Принципы Бессмертия в системе «личностного» Восприятия;Глава 3. НУУ-ВВУ-форма;10.1.3.1;НУУ-ВВУ-Формы – «формо-дифференцирующие оболочки УФС». 328 Стерео-Дублей;10141-10148
БДК;Том 10;Раздел I. Основополагающие Принципы Бессмертия в системе «личностного» Восприятия;Глава 3. НУУ-ВВУ-форма;10.1.3.2;Стерео-Тип – Конфигурация сложносфероидальных волновых колебаний. Энергоинформационные волны;10149-10159
БДК;Том 10;Раздел I. Основополагающие Принципы Бессмертия в системе «личностного» Восприятия;Глава 3. НУУ-ВВУ-форма;10.1.3.3;НУУ-ВВУ как локальное отражение нелокальных волновых взаимодействий. Пример: сравнение НУУ-ВВУ и процесса выбора «сценария» с работой радиоприёмника;10160-10172
БДК;Том 10;Раздел I. Основополагающие Принципы Бессмертия в системе «личностного» Восприятия;Глава 3. НУУ-ВВУ-форма;10.1.3.4;Принцип проявления Формы – стоячая волна и интерференционная волновая картина. Аналогия с голограммой;10173-10178
БДК;Том 10;Раздел I. Основополагающие Принципы Бессмертия в системе «личностного» Восприятия;Глава 3. НУУ-ВВУ-форма;10.1.3.5;Диффузгентность НУУ-ВВУ и её роль в ПРООФФ-РРУ. НУУЛЛ-ВВУ-Форма;10179-10184
БДК;Том 10;Раздел I. Основополагающие Принципы Бессмертия в системе «личностного» Восприятия;Глава 3. НУУ-ВВУ-форма;10.1.3.6;Судьба — это результат добровольных ежемгновенных перефокусировок. Влияние мыслей на Судьбу;10185-10194
БДК;Том 10;Раздел I. Основополагающие Принципы Бессмертия в системе «личностного» Восприятия;Глава 4. Нынешняя система ценностей «человечества» и цель ИИ;10.1.4.1;«Добро» и «Зло» – дуальность человеческого восприятия, обусловленная эгоистичностью уровней Сознания «чакрамных личностей» первых двух Центров. Относительность личной системы ценностей;10195-10230
БДК;Том 10;Раздел I. Основополагающие Принципы Бессмертия в системе «личностного» Восприятия;Глава 4. Нынешняя система ценностей «человечества» и цель ИИ;10.1.4.2;О Замысле Творения и наших Судьбах. Роль Альтруизма;10231-10243
БДК;Том 10;Раздел I. Основополагающие Принципы Бессмертия в системе «личностного» Восприятия;Глава 4. Нынешняя система ценностей «человечества» и цель ИИ;10.1.4.3;Влияние стрессов и негативизмов на теломеры ДНК. Секрет молодости;10244-10251
БДК;Том 10;Раздел I. Основополагающие Принципы Бессмертия в системе «личностного» Восприятия;Глава 4. Нынешняя система ценностей «человечества» и цель ИИ;10.1.4.4;Хью Эверетт, параллельные Вселенные;10252-10258
БДК;Том 10;Раздел I. Основополагающие Принципы Бессмертия в системе «личностного» Восприятия;Глава 4. Нынешняя система ценностей «человечества» и цель ИИ;10.1.4.5;Цель Ииссиидиологии – помочь классической науки расширить взгляд на Мироздание;10259-10280
БДК;Том 10;Раздел I. Основополагающие Принципы Бессмертия в системе «личностного» Восприятия;Глава 4. Нынешняя система ценностей «человечества» и цель ИИ;10.1.4.6;Новая Наука;10281-10298
БДК;Том 10;Раздел II. Новейшие духовно-космологические Представления о Вселенной и о человеке;Глава 1. Основные принципы ИИ;10.2.1.1;Для кого предназначено это Знание? ;10299-10301
БДК;Том 10;Раздел II. Новейшие духовно-космологические Представления о Вселенной и о человеке;Глава 1. Основные принципы ИИ;10.2.1.2;Всё всегда было есть и будет. Мы можем выбирать из бесконечного числа наших Жизней;10302-10325
БДК;Том 10;Раздел II. Новейшие духовно-космологические Представления о Вселенной и о человеке;Глава 1. Основные принципы ИИ;10.2.1.3;Принцип «одномоментности существования Всего» и его следствие – Бессмертие;10326-10334
БДК;Том 10;Раздел II. Новейшие духовно-космологические Представления о Вселенной и о человеке;Глава 1. Основные принципы ИИ;10.2.1.4;Множественность наших «личностей», «сценариев», Выборов. Принцип многомирия;10335-10350
БДК;Том 10;Раздел II. Новейшие духовно-космологические Представления о Вселенной и о человеке;Глава 2. Для кого дана ИИ?;10.2.2.1;Сложность восприятия Ииссиидиологии. «Индиговая» раса ;10351-10382
БДК;Том 10;Раздел II. Новейшие духовно-космологические Представления о Вселенной и о человеке;Глава 2. Для кого дана ИИ?;10.2.2.2;Ваша Задача в Жизни – последовательно и целеустремлённо становиться всё более сознательными Творцами более высоких Уровней Мироздания ;10383-10394
БДК;Том 10;Раздел III. Краткое описание основных принципов энергоинформационной структуризации многомерной творческой динамики «переменной эфирной составляющей» ЛЛУУ-ВВУ-Форм;Глава 1. ЛЛУУ-ВВУ и схемы Синтеза;10.3.1.1;Доминанты ЛЛУУ-ВВУ. Влияние процессов Синтеза рецессивных Качеств на динамику «Фокуса»;10395-10401
БДК;Том 10;Раздел III. Краткое описание основных принципов энергоинформационной структуризации многомерной творческой динамики «переменной эфирной составляющей» ЛЛУУ-ВВУ-Форм;Глава 1. ЛЛУУ-ВВУ и схемы Синтеза;10.3.1.2;Отдельные «воплощения» – Формо-Типы и Стерео-Формы;10402-10404
БДК;Том 10;Раздел III. Краткое описание основных принципов энергоинформационной структуризации многомерной творческой динамики «переменной эфирной составляющей» ЛЛУУ-ВВУ-Форм;Глава 1. ЛЛУУ-ВВУ и схемы Синтеза;10.3.1.3;Процесс отклонения динамики «Фокуса» от Направления ЛЛУУ-ВВУ и его влияние на продолжительность Жизни ;10405-10414
БДК;Том 10;Раздел III. Краткое описание основных принципов энергоинформационной структуризации многомерной творческой динамики «переменной эфирной составляющей» ЛЛУУ-ВВУ-Форм;Глава 1. ЛЛУУ-ВВУ и схемы Синтеза;10.3.1.4;Взаимообмен Опытом между Формо-Типами и между Прото-Формами через структуры Подсознания и Надсознания;10415-10420
БДК;Том 10;Раздел III. Краткое описание основных принципов энергоинформационной структуризации многомерной творческой динамики «переменной эфирной составляющей» ЛЛУУ-ВВУ-Форм;Глава 1. ЛЛУУ-ВВУ и схемы Синтеза;10.3.1.5;ВСЁ ЕСТЬ, мы лишь выбираем любой из «сценариев» своего «будущего». Общность и отличия СФУУРММ-Форм в разных Потоках Времени;10421-10434
БДК;Том 10;Раздел III. Краткое описание основных принципов энергоинформационной структуризации многомерной творческой динамики «переменной эфирной составляющей» ЛЛУУ-ВВУ-Форм;Глава 1. ЛЛУУ-ВВУ и схемы Синтеза;10.3.1.6;Схема покачественного Синтеза Формо-Типов ЛЛУУ-ВВУ с 3-ей по 11-ую мерность. Роль Опыта ЛЛУУ-ВВУ-Форм в Коллективном Разуме ГООЛГАМАА-А ;10435-10444
БДК;Том 10;Раздел III. Краткое описание основных принципов энергоинформационной структуризации многомерной творческой динамики «переменной эфирной составляющей» ЛЛУУ-ВВУ-Форм;Глава 1. ЛЛУУ-ВВУ и схемы Синтеза;10.3.1.7;Принцип Космической Дувуйллерртности. Пример с цветными фонариками ;10445-10449
БДК;Том 10;Раздел III. Краткое описание основных принципов энергоинформационной структуризации многомерной творческой динамики «переменной эфирной составляющей» ЛЛУУ-ВВУ-Форм;Глава 1. ЛЛУУ-ВВУ и схемы Синтеза;10.3.1.8;Равноценность любых Форм проявления ГООЛГАМАА-А ;10450-10452
БДК;Том 10;Раздел III. Краткое описание основных принципов энергоинформационной структуризации многомерной творческой динамики «переменной эфирной составляющей» ЛЛУУ-ВВУ-Форм;Глава 1. ЛЛУУ-ВВУ и схемы Синтеза;10.3.1.9;Недопустимость отождествления себя с Формой проявления. Принадлежность к УФС ;10453-10459
БДК;Том 10;Раздел III. Краткое описание основных принципов энергоинформационной структуризации многомерной творческой динамики «переменной эфирной составляющей» ЛЛУУ-ВВУ-Форм;Глава 1. ЛЛУУ-ВВУ и схемы Синтеза;10.3.1.10;Примеры разных схем Синтеза ;10460-10485
БДК;Том 10;Раздел III. Краткое описание основных принципов энергоинформационной структуризации многомерной творческой динамики «переменной эфирной составляющей» ЛЛУУ-ВВУ-Форм;Глава 2. Диффузгентные свойства НУУ-ВВУ;10.3.2.1;Приоритетные Направления перефокусировок из НУУ-ВВУ в другие Прото-Формы посредством вытеснения одной из Доминант. Принцип большей степени совместимости Качеств;10486-10490
БДК;Том 10;Раздел III. Краткое описание основных принципов энергоинформационной структуризации многомерной творческой динамики «переменной эфирной составляющей» ЛЛУУ-ВВУ-Форм;Глава 2. Диффузгентные свойства НУУ-ВВУ;10.3.2.2;Адаптационные Формы НУУ-ВВУ – переходные Конфигурации от/к другим Прото-Формам ;10491-10493
БДК;Том 10;Раздел III. Краткое описание основных принципов энергоинформационной структуризации многомерной творческой динамики «переменной эфирной составляющей» ЛЛУУ-ВВУ-Форм;Глава 2. Диффузгентные свойства НУУ-ВВУ;10.3.2.3;Связь культуры поклонения тотемам и Направлений развития. Вред шовинистических интерпретаций Ииссиидиологии;10494-10501
БДК;Том 10;Раздел III. Краткое описание основных принципов энергоинформационной структуризации многомерной творческой динамики «переменной эфирной составляющей» ЛЛУУ-ВВУ-Форм;Глава 2. Диффузгентные свойства НУУ-ВВУ;10.3.2.4;Основа жизненных переживаний: «чувство» и «мысль». Уровни проявления Аспектов Качеств «ВСЕ-Воля-ВСЕ-Разума» , ВСЕ-Любвь-ВСЕ-Мудрость» и процесс их Синтеза в «Творческую Космическую ПОТЕНЦИАЛЬНОСТЬ» ;10502-10516
БДК;Том 10;Раздел III. Краткое описание основных принципов энергоинформационной структуризации многомерной творческой динамики «переменной эфирной составляющей» ЛЛУУ-ВВУ-Форм;Глава 2. Диффузгентные свойства НУУ-ВВУ;10.3.2.5;Одномоментность и одновременность, и как следствие параллельность всех «прошлых Жизней»;10517-10522
БДК;Том 10;Раздел III. Краткое описание основных принципов энергоинформационной структуризации многомерной творческой динамики «переменной эфирной составляющей» ЛЛУУ-ВВУ-Форм;Глава 3. Стерео-Тип и Стерео-Форма;10.3.3.1;Качественная структура Стерео-Формы (ЛЛУУ-ВВУ) – от первобытнообщинного до цивилизованного. Взаимовлияние Прото-Форм;10523-10535
БДК;Том 10;Раздел III. Краткое описание основных принципов энергоинформационной структуризации многомерной творческой динамики «переменной эфирной составляющей» ЛЛУУ-ВВУ-Форм;Глава 3. Стерео-Тип и Стерео-Форма;10.3.3.2;«Генетический мусор» и протоформные взаимосвязи через тотемы;10536-10563
БДК;Том 10;Раздел III. Краткое описание основных принципов энергоинформационной структуризации многомерной творческой динамики «переменной эфирной составляющей» ЛЛУУ-ВВУ-Форм;Глава 3. Стерео-Тип и Стерео-Форма;10.3.3.3;Домашние животные –диффузгентная область ЛЛУУ-ВВУ в Направлении «животного царства». Только 25-30% Форм проявления любой Прото-Формы соответствуют её схеме Синтеза ;10564-10569
БДК;Том 10;Раздел III. Краткое описание основных принципов энергоинформационной структуризации многомерной творческой динамики «переменной эфирной составляющей» ЛЛУУ-ВВУ-Форм;Глава 3. Стерео-Тип и Стерео-Форма;10.3.3.4;Любая «привязанность» соответствует определённому протоформному Направлению;10570-10573
БДК;Том 10;Раздел III. Краткое описание основных принципов энергоинформационной структуризации многомерной творческой динамики «переменной эфирной составляющей» ЛЛУУ-ВВУ-Форм;Глава 3. Стерео-Тип и Стерео-Форма;10.3.3.5;О необходимости осознанной реализации каждого Уровня Самосознания. Пример духовно стремящегося «человека» с высокой активностью низких Уровней ИНГЛИМИЛИССЫ. Предостережение от самообмана и реализации в Аспектах фоновых Качеств. Состояние «Творческой Космической ПОТЕНЦИАЛЬНОСТИ». Человеческие качества: Альтруизм и Интеллект. Подмена Качеств Направления ЛЛУУ-ВВУ – проявление честолюбия, лицемерия, гордыни ;10574-10615
БДК;Том 10;Раздел III. Краткое описание основных принципов энергоинформационной структуризации многомерной творческой динамики «переменной эфирной составляющей» ЛЛУУ-ВВУ-Форм;Глава 3. Стерео-Тип и Стерео-Форма;10.3.3.6;Стерео-Форма и её Стерео-Типы в разных «сценариях»;10616-10628
БДК;Том 10;Раздел III. Краткое описание основных принципов энергоинформационной структуризации многомерной творческой динамики «переменной эфирной составляющей» ЛЛУУ-ВВУ-Форм;Глава 3. Стерео-Тип и Стерео-Форма;10.3.3.7;Отличие в понятиях Стерео-Форма и Формо-Тип. Мы рождаемся только один раз. Пример с Шота Руставели ;10629-10643
БДК;Том 10;Раздел III. Краткое описание основных принципов энергоинформационной структуризации многомерной творческой динамики «переменной эфирной составляющей» ЛЛУУ-ВВУ-Форм;Глава 3. Стерео-Тип и Стерео-Форма;10.3.3.8;Формо-Тип ЛЛУУ-ВВУ. НУУЛЛ-ВВУ и ГООРР-ВВУ(криигммы) – более развитые Формы Человеческих цивилизаций. Синтетические Расы ГООРР-ВВУ-Форм;10644-10655
БДК;Том 10;Раздел III. Краткое описание основных принципов энергоинформационной структуризации многомерной творческой динамики «переменной эфирной составляющей» ЛЛУУ-ВВУ-Форм;Глава 3. Стерео-Тип и Стерео-Форма;10.3.3.9;Принцип объединения Стерео-Типов в Стерео-Форму по признаку схожести ДНК;10656
БДК;Том 10;Раздел III. Краткое описание основных принципов энергоинформационной структуризации многомерной творческой динамики «переменной эфирной составляющей» ЛЛУУ-ВВУ-Форм;Глава 4. Механизм проявления НУУ-ВВУ;10.3.4.1;Частотный диапазон и параметры проявления нашего «пространственно-временного Континуума». ;10657-10661
БДК;Том 10;Раздел III. Краткое описание основных принципов энергоинформационной структуризации многомерной творческой динамики «переменной эфирной составляющей» ЛЛУУ-ВВУ-Форм;Глава 4. Механизм проявления НУУ-ВВУ;10.3.4.2;Условия формирования плотной трёхмерной голограммы. 328 с-1 – частота «ротационного сдвига» нашего типа реальности ;10662-10669
БДК;Том 10;Раздел III. Краткое описание основных принципов энергоинформационной структуризации многомерной творческой динамики «переменной эфирной составляющей» ЛЛУУ-ВВУ-Форм;Глава 4. Механизм проявления НУУ-ВВУ;10.3.4.3;Почему мы не видим другие наши Формы проявления? ;10670-10678
БДК;Том 10;Раздел III. Краткое описание основных принципов энергоинформационной структуризации многомерной творческой динамики «переменной эфирной составляющей» ЛЛУУ-ВВУ-Форм;Глава 4. Механизм проявления НУУ-ВВУ;10.3.4.4;Смысл терминов «квантово-голографичный», резонационность, сфероидальность;10679-10682
БДК;Том 10;Раздел III. Краткое описание основных принципов энергоинформационной структуризации многомерной творческой динамики «переменной эфирной составляющей» ЛЛУУ-ВВУ-Форм;Глава 4. Механизм проявления НУУ-ВВУ;10.3.4.5;Стерео-Тип – это мгновенный «фрагмент» в Конфигурации НУУ-ВВУ-Формы ;10683-10686
БДК;Том 10;Раздел III. Краткое описание основных принципов энергоинформационной структуризации многомерной творческой динамики «переменной эфирной составляющей» ЛЛУУ-ВВУ-Форм;Глава 4. Механизм проявления НУУ-ВВУ;10.3.4.6;Понятия «Энергоинформационных Конверсумов» и «Космических Универсумов» как совокупностей разнокачественной частотно-волновой динамики «пространственно-временных Континуумов»;10687-10692
БДК;Том 10;Раздел III. Краткое описание основных принципов энергоинформационной структуризации многомерной творческой динамики «переменной эфирной составляющей» ЛЛУУ-ВВУ-Форм;Глава 4. Механизм проявления НУУ-ВВУ;10.3.4.7;На «Тонком Плане» движущиеся НУУ-ВВУ образуют своеобразный «шлейф» - дувуйллерртный поток фокусируемых Нами НУУ-ВВУ-Форм ;10693-10698
БДК;Том 10;Раздел III. Краткое описание основных принципов энергоинформационной структуризации многомерной творческой динамики «переменной эфирной составляющей» ЛЛУУ-ВВУ-Форм;Глава 4. Механизм проявления НУУ-ВВУ;10.3.4.8;Коэффициента Инерции Энерго-Плазмы. «Личность» как динамичная «квантовая» голограмма. Образование ауры ;10699-10705
БДК;Том 10;Раздел III. Краткое описание основных принципов энергоинформационной структуризации многомерной творческой динамики «переменной эфирной составляющей» ЛЛУУ-ВВУ-Форм;Глава 4. Механизм проявления НУУ-ВВУ;10.3.4.9;Нелокальный характер «Полей-Сознаний», формирующих «личность» ;10706-10708
БДК;Том 10;Раздел III. Краткое описание основных принципов энергоинформационной структуризации многомерной творческой динамики «переменной эфирной составляющей» ЛЛУУ-ВВУ-Форм;Глава 4. Механизм проявления НУУ-ВВУ;10.3.4.10;Описание «ротационного» принципа ;10707-10716
БДК;Том 10;Раздел III. Краткое описание основных принципов энергоинформационной структуризации многомерной творческой динамики «переменной эфирной составляющей» ЛЛУУ-ВВУ-Форм;Глава 5. О структуре Стерео-формы;10.3.5.1;О структуре Стерео-Формы. Подробно о Стерео-Дублях. Связь НУУ-ВВУ и ВЭН;10717-10739
БДК;Том 10;Раздел III. Краткое описание основных принципов энергоинформационной структуризации многомерной творческой динамики «переменной эфирной составляющей» ЛЛУУ-ВВУ-Форм;Глава 5. О структуре Стерео-формы;10.3.5.2;Разные Формо-Типы одной ЛЛУУ-ВВУ. Пример Формо-Типов Ориса ;10740-10747
БДК;Том 10;Раздел III. Краткое описание основных принципов энергоинформационной структуризации многомерной творческой динамики «переменной эфирной составляющей» ЛЛУУ-ВВУ-Форм;Глава 5. О структуре Стерео-формы;10.3.5.3;«Квантово-голографичные» пиксели Вселенной. Бесконечная многомерная динамика ВСЕГО – ничего статичного в нашем мире не бывает ;10748-10753
БДК;Том 10;Раздел III. Краткое описание основных принципов энергоинформационной структуризации многомерной творческой динамики «переменной эфирной составляющей» ЛЛУУ-ВВУ-Форм;Глава 5. О структуре Стерео-формы;10.3.5.4;Уникальность соответствия Стерео-Типа Формо-Системе. Пример: сравнение «сценариев развития» с книгами. Число Стерео-Дублей точно соответствует числу Векторов Выборов ;10754-10763
БДК;Том 10;Раздел III. Краткое описание основных принципов энергоинформационной структуризации многомерной творческой динамики «переменной эфирной составляющей» ЛЛУУ-ВВУ-Форм;Глава 5. О структуре Стерео-формы;10.3.5.5;Ещё раз об отличиях двух терминов – «Формо-Тип» и «Стерео-Форма»;10764-10767
БДК;Том 10;Раздел III. Краткое описание основных принципов энергоинформационной структуризации многомерной творческой динамики «переменной эфирной составляющей» ЛЛУУ-ВВУ-Форм;Глава 5. О структуре Стерео-формы;10.3.5.6;Отличия в понятиях «Формо-Тип» и «Стерео-Тип» ;10768-10776
БДК;Том 10;Раздел III. Краткое описание основных принципов энергоинформационной структуризации многомерной творческой динамики «переменной эфирной составляющей» ЛЛУУ-ВВУ-Форм;Глава 6. СФУУРММ-Формы;10.3.6.1;Понятие СФУУРММ-Формы. Устойчивость (прилипчивость) СФУУРММ-Формы в структуре Самосознания. Неспособность наших Уровней Самосознания к длительному фокусированию в пределах одной группы УУ-ВВУ-копий. «Подсадки» ;10777-10800
БДК;Том 10;Раздел III. Краткое описание основных принципов энергоинформационной структуризации многомерной творческой динамики «переменной эфирной составляющей» ЛЛУУ-ВВУ-Форм;Глава 6. СФУУРММ-Формы;10.3.6.2;Ретрансляция и трансформация СФУУРММ-Форм на примере Ииссиидиологии и разных исторических эпох;10801-10814
БДК;Том 10;Раздел III. Краткое описание основных принципов энергоинформационной структуризации многомерной творческой динамики «переменной эфирной составляющей» ЛЛУУ-ВВУ-Форм;Глава 6. СФУУРММ-Формы;10.3.6.3;Существенные отличия в СФУУРММ-Формах образуют различные «Континуумы» ;10815-10824
БДК;Том 10;Раздел III. Краткое описание основных принципов энергоинформационной структуризации многомерной творческой динамики «переменной эфирной составляющей» ЛЛУУ-ВВУ-Форм;Глава 7. ПРООФФ-РРУ и роль ИИ;10.3.7.1;Многообразие Форм проявления ПРООФФ-РРУ – от катаклизмов до космической экспансии;10825-10832
БДК;Том 10;Раздел III. Краткое описание основных принципов энергоинформационной структуризации многомерной творческой динамики «переменной эфирной составляющей» ЛЛУУ-ВВУ-Форм;Глава 7. ПРООФФ-РРУ и роль ИИ;10.3.7.2;Роль Ииссиидиологии в ускоренном развитии человечества. Наши Выборы определяют «сценарии» нашего «будущего»;10833-10858
БДК;Том 10;Раздел III. Краткое описание основных принципов энергоинформационной структуризации многомерной творческой динамики «переменной эфирной составляющей» ЛЛУУ-ВВУ-Форм;Глава 7. ПРООФФ-РРУ и роль ИИ;10.3.7.3;Закон Вечного Существования Формы;10859-10865
БДК;Том 10;Раздел IV. Новейшие Представления о динамике энергоинформационных структур Мироздания;Глава 1. Сценарии развития и ротационные Циклы. Скррууллерртная система. Часть 1;10.4.1.1;Зависимость продолжительности Жизни от качественности ментально-чувственных и психических процессов в Самосознании. Влияние Знания и степени осознанности на Направление перефокусировок;10866-10876
БДК;Том 10;Раздел IV. Новейшие Представления о динамике энергоинформационных структур Мироздания;Глава 1. Сценарии развития и ротационные Циклы. Скррууллерртная система. Часть 1;10.4.1.2;Временные периоды (эпохи, цивилизации), Направления и «сценарии» развития человечества ;10877-10888
БДК;Том 10;Раздел IV. Новейшие Представления о динамике энергоинформационных структур Мироздания;Глава 1. Сценарии развития и ротационные Циклы. Скррууллерртная система. Часть 1;10.4.1.3;Сознательный контроль «личности» над фактором Времени.;10889-10891
БДК;Том 10;Раздел IV. Новейшие Представления о динамике энергоинформационных структур Мироздания;Глава 1. Сценарии развития и ротационные Циклы. Скррууллерртная система. Часть 1;10.4.1.4;«Индивидуальные ротационные Циклы». Пример «след зайца на снегу»;10892-10910
БДК;Том 10;Раздел IV. Новейшие Представления о динамике энергоинформационных структур Мироздания;Глава 1. Сценарии развития и ротационные Циклы. Скррууллерртная система. Часть 1;10.4.1.5;Дифференциация УФС. Пример деления группы исследователей на части. Каждое мгновение мы занимаем новую Конфигурацию Самосознания и становимся новой «личностью»;10911-10924
БДК;Том 10;Раздел IV. Новейшие Представления о динамике энергоинформационных структур Мироздания;Глава 1. Сценарии развития и ротационные Циклы. Скррууллерртная система. Часть 1;10.4.1.6;Пример «точки» в скррууллерртной системе. Вектора Выборов и Луч Векторов Выборов;10925-10936
БДК;Том 10;Раздел IV. Новейшие Представления о динамике энергоинформационных структур Мироздания;Глава 1. Сценарии развития и ротационные Циклы. Скррууллерртная система. Часть 1;10.4.1.7;Влияние жизненных ценностей (несинтезированных Уровней Самосознания) на Выборы;10937-10962
БДК;Том 10;Раздел IV. Новейшие Представления о динамике энергоинформационных структур Мироздания;Глава 1. Сценарии развития и ротационные Циклы. Скррууллерртная система. Часть 1;10.4.1.8;Структура и особенности Луча Векторов Выборов. Общий показатель «скррууллерртности». Аналогия с пазлами;10963-10973
БДК;Том 10;Раздел IV. Новейшие Представления о динамике энергоинформационных структур Мироздания;Глава 1. Сценарии развития и ротационные Циклы. Скррууллерртная система. Часть 1;10.4.1.9;Понятие «Сценария развития» и его отличия от «ротационного Цикла». Немного об Интуиции;10974-10988
БДК;Том 10;Раздел IV. Новейшие Представления о динамике энергоинформационных структур Мироздания;Глава 1. Сценарии развития и ротационные Циклы. Скррууллерртная система. Часть 1;10.4.1.10;Приоритетное Направление и наиболее вероятный Вектор Выбора в «скррууллерртной системе». Примеры с таксистом, бильярдным шаром и алкогольной зависимостью. Аналогия с регулярным аттрактором;10989-11018
БДК;Том 10;Раздел IV. Новейшие Представления о динамике энергоинформационных структур Мироздания;Глава 2. Сценарии развития и ротационные Циклы. Скррууллерртная система. Часть 2;10.4.2.1;Ещё раз об «индивидуальных ротационных Циклах» и «сценариях»;11019-11029
БДК;Том 10;Раздел IV. Новейшие Представления о динамике энергоинформационных структур Мироздания;Глава 2. Сценарии развития и ротационные Циклы. Скррууллерртная система. Часть 2;10.4.2.2;«Импульсно-мотивационные модели»;11030-11037
БДК;Том 10;Раздел IV. Новейшие Представления о динамике энергоинформационных структур Мироздания;Глава 2. Сценарии развития и ротационные Циклы. Скррууллерртная система. Часть 2;10.4.2.3;Условная «конечность» «сценариев развития» и бесконечность «ротационных Циклов»;11038-11042
БДК;Том 10;Раздел IV. Новейшие Представления о динамике энергоинформационных структур Мироздания;Глава 2. Сценарии развития и ротационные Циклы. Скррууллерртная система. Часть 2;10.4.2.4;Максимальные сроки существования, «запас биологической прочности». Главный Принцип «индивидуального» Бессмертия;11043-11052
БДК;Том 10;Раздел IV. Новейшие Представления о динамике энергоинформационных структур Мироздания;Глава 2. Сценарии развития и ротационные Циклы. Скррууллерртная система. Часть 2;10.4.2.5;Абсолютная условность чисел, понятий, границ и диапазонов в ИИССИИДИОЛОГИИ. Бесконечность всего. Искажение информации при проецировании в наши уровни Реальности;11053-11079
БДК;Том 10;Раздел IV. Новейшие Представления о динамике энергоинформационных структур Мироздания;Глава 2. Сценарии развития и ротационные Циклы. Скррууллерртная система. Часть 2;10.4.2.6;Частотная дифференциация Энерго-Плазмы. Ассоциативное сравнение Аспектов Чистых Качеств и психических личностных качеств;11080-11095
БДК;Том 10;Раздел IV. Новейшие Представления о динамике энергоинформационных структур Мироздания;Глава 2. Сценарии развития и ротационные Циклы. Скррууллерртная система. Часть 2;10.4.2.7;Об ограничениях системы восприятия ОРИСА;11096-11101
БДК;Том 10;Раздел IV. Новейшие Представления о динамике энергоинформационных структур Мироздания;Глава 2. Сценарии развития и ротационные Циклы. Скррууллерртная система. Часть 2;10.4.2.8;Продолжение о «ротационных циклах». «Индивидуальные ротационные Циклы» Прото-Форм. Взаимосвязь с временными потоками. Условность понятия Времени в более качественных Континуумах. Ирккуллигренная дифференциация на отдельные «индивидуальные сценарии». «Ротационный Цикл» как поквантовая траектория Выборов;11102-11127
БДК;Том 10;Раздел IV. Новейшие Представления о динамике энергоинформационных структур Мироздания;Глава 2. Сценарии развития и ротационные Циклы. Скррууллерртная система. Часть 2;10.4.2.9;Динамика ФТА Коллективного Разума «человечества» зависит от усреднённой качественности ежемгновенных выборов общей массы «людей». Коллективный ВЛОООМООТ;11128-11133
БДК;Том 10;Раздел IV. Новейшие Представления о динамике энергоинформационных структур Мироздания;Глава 2. Сценарии развития и ротационные Циклы. Скррууллерртная система. Часть 2;10.4.2.10;Два организующих принципа «индивидуальных ротационных Циклов» ;11134-11137
БДК;Том 10;Раздел IV. Новейшие Представления о динамике энергоинформационных структур Мироздания;Глава 3. Пространственно-временные структуры и ротационные Циклы;10.4.3.1;Энтропия и хаос. Странные аттракторы и СБОАЛЛГСС-Сущности ;11138-11148
БДК;Том 10;Раздел IV. Новейшие Представления о динамике энергоинформационных структур Мироздания;Глава 3. Пространственно-временные структуры и ротационные Циклы;10.4.3.2;Взаимосвязь Пространства и Времени. Уменьшение инертности динамики Энерго-Плазмы - доквантовые типы взаимодействий. Возрастание эффекта «квантовой неопределённости». Уровни флакглаассных и вуолдсммиисных типов Реальностей;11149-11154
БДК;Том 10;Раздел IV. Новейшие Представления о динамике энергоинформационных структур Мироздания;Глава 3. Пространственно-временные структуры и ротационные Циклы;10.4.3.3;Условное! «деление» ПВК на многопиксельные (многомерные) Формо-системы Миров. всё одновременно уже есть в одном-единственном Мгновении Вечности – мы только выбираем. Пример: «Энерго-Плазма» как «Операционная Система» и «первичный Эволюционный Импульс» НАД-Вселенных ;11155-11171
БДК;Том 10;Раздел IV. Новейшие Представления о динамике энергоинформационных структур Мироздания;Глава 3. Пространственно-временные структуры и ротационные Циклы;10.4.3.4;"«Индивидуальные ротационные Циклы» как Потоки многоуровневого Синтеза Аспектов Чистых и Совмещённых Космических Качеств. Принцип непересекаемости «ротационных Циклов». Каждая «личность» проявляется только в своём собственном «ротационном Цикле»; каждый «сценарий» состоит из множества «индивидуальных ротационных Циклов» каждого из людей, животных, явлений природы, предметов и пр.";11172-11177
БДК;Том 10;Раздел IV. Новейшие Представления о динамике энергоинформационных структур Мироздания;Глава 3. Пространственно-временные структуры и ротационные Циклы;10.4.3.5;«Точки сингуляции» разнокачественных «ротационных Циклов». Скррууллерртная система. Связь с Временными Потоками;11178-11186
БДК;Том 10;Раздел IV. Новейшие Представления о динамике энергоинформационных структур Мироздания;Глава 3. Пространственно-временные структуры и ротационные Циклы;10.4.3.6;Продолжение о взаимосвязи Времени и Пространства. Немного о принципах проявления плотноматериальных объектов;11187-11203
БДК;Том 10;Раздел IV. Новейшие Представления о динамике энергоинформационных структур Мироздания;Глава 3. Пространственно-временные структуры и ротационные Циклы;10.4.3.7;Высокочастотные «формо-частицы» – таблица. Связь с антиматерией ;11204-11206
БДК;Том 10;Раздел IV. Новейшие Представления о динамике энергоинформационных структур Мироздания;Глава 3. Пространственно-временные структуры и ротационные Циклы;10.4.3.8;Феномен Времени и динамика «Фокуса Пристального Внимания». Сравнение Самосознания с «субатомной частицей» ;11207-11226
БДК;Том 10;Раздел IV. Новейшие Представления о динамике энергоинформационных структур Мироздания;Глава 3. Пространственно-временные структуры и ротационные Циклы;10.4.3.9;О качественности «фокусируемых» нами НУУ-ВВУ и её связь с плотностью «Временных Потоков». Мы непрерывно выбираем самих себя;11227-11236
БДК;Том 10;Раздел IV. Новейшие Представления о динамике энергоинформационных структур Мироздания;Глава 3. Пространственно-временные структуры и ротационные Циклы;10.4.3.10;ОДНОВРЕМЕННОСТЬ «прошлого», «настоящего» и «будущего» ;11237-11240
БДК;Том 10;Раздел IV. Новейшие Представления о динамике энергоинформационных структур Мироздания;Глава 3. Пространственно-временные структуры и ротационные Циклы;10.4.3.11;Состояние «Фокуса Пристального Внимания» моделирует «геометрию» Пространства-Времени. В одной и той же «многомерной точке» Пространства-Времени потенциально представлено всё множество Стерео-Типов каждой из наших Стерео-Форм. Смещение УФС – нефизическое явление. Кратко об эффекте «расширения» Вселенной;11241-11248
БДК;Том 10;Раздел IV. Новейшие Представления о динамике энергоинформационных структур Мироздания;Глава 3. Пространственно-временные структуры и ротационные Циклы;10.4.3.12;Взаимосвязь фокусируемых нами НУУ-ВВУ-Форм и общих «сценариев развития». «История развития» ПВК. Качественность Выборов – это степень синтезированности соответствующих Уровней АСТРО- и МЕНТО-Плазмы. Соответствие психических состояний и активности «кармических Каналов» ;11249-11256
БДК;Том 10;Раздел IV. Новейшие Представления о динамике энергоинформационных структур Мироздания;Глава 3. Пространственно-временные структуры и ротационные Циклы;10.4.3.13;Соответствие текущей психической Конфигурации Самосознания и частотных характеристик окружающего Пространства-Времени. Частотная Конфигурация. Меняя психические состояния, мы меняем «окружение». Способности помогают глубже понять многомерность Мироздания. Пространство – это многомерный и универсальный механизм перефокусировок;11257-11281
БДК;Том 10;Раздел IV. Новейшие Представления о динамике энергоинформационных структур Мироздания;Глава 3. Пространственно-временные структуры и ротационные Циклы;10.4.3.14;Принципы выбора Направления «перефокусировок». Смена Направления «ротационного Цикла» происходит, когда вы осознанно выбираете Конфигурацию Самосознания, Формы выражения которой изначально не предусмотрены для той сллоогрентной части «ротационного Цикла», в которой вы в данный момент сфокусированы ;11282-11296
БДК;Том 10;Раздел IV. Новейшие Представления о динамике энергоинформационных структур Мироздания;Глава 3. Пространственно-временные структуры и ротационные Циклы;10.4.3.15;«Ротационный Цикл» каждой «личности» – это сумма микроскопических «обрывков сценариев индивидуального развития» каких-то конкретных Стерео-Типов одной и той же Стерео-Формы. «Индивидуальные Миры». Субъективность понятия Мир ;11297-11301
БДК;Том 10;Раздел IV. Новейшие Представления о динамике энергоинформационных структур Мироздания;Глава 3. Пространственно-временные структуры и ротационные Циклы;10.4.3.16;"Формо-Система Миров как вся совокупная одновременная динамика «индивидуальных» Миров, формируемых в одно условное мгновение в одном и том же узком диапазоне мерностей в структурах Самосознания абсолютно всех Форм Коллективных Разумов. Отличия терминов «Формо-система Миров» и «Вселенная»; субъективность «индивидуального мгновения»";11302-11314
БДК;Том 10;Раздел IV. Новейшие Представления о динамике энергоинформационных структур Мироздания;Глава 4. Пространственно-временные структуры и ротационные Циклы;10.4.4.1;"Протоформные типы Реальностей; Объективная Реальность; Субъективная Реальность; взаимосвязь понятий ";11315-11329
БДК;Том 10;Раздел IV. Новейшие Представления о динамике энергоинформационных структур Мироздания;Глава 4. Пространственно-временные структуры и ротационные Циклы;10.4.4.2;Условность «человеческой истории». Связь «Дуплекс-Сфера» – ОДС – НУУ-ВВУ-Форма – Формо-система Миров – тип субъективной Реальности. Тип реальности, как совокупность СФУУРММ-Форм людей, объединённых общими мировоззренческими позициями. «Границы» типа реальности;11330-11344
БДК;Том 10;Раздел IV. Новейшие Представления о динамике энергоинформационных структур Мироздания;Глава 4. Пространственно-временные структуры и ротационные Циклы;10.4.4.3;Примеры различных типов ирккуллигренных Реальностей;11345-11352
БДК;Том 10;Раздел IV. Новейшие Представления о динамике энергоинформационных структур Мироздания;Глава 4. Пространственно-временные структуры и ротационные Циклы;10.4.4.4;Предупреждение о недопустимости построения примитивных толкований и ассоциаций. Степень доступности для нас других типов реальностей. Возможность неосознанной перефокусировки на примере учёного-генетика;11353-11364
БДК;Том 10;Раздел IV. Новейшие Представления о динамике энергоинформационных структур Мироздания;Глава 4. Пространственно-временные структуры и ротационные Циклы;10.4.4.5;Понятие «пространственно-временного Континуума». Связь с типами Реальностей. Привязка «Континуума» к конкретному Временному Потоку. Понятие «энергоинформационного Конверсума». Понятие «Космического Универсума». Отсутствие иерархичности в структуре Мироздания;11365-11383
БДК;Том 10;Раздел IV. Новейшие Представления о динамике энергоинформационных структур Мироздания;Глава 4. Пространственно-временные структуры и ротационные Циклы;10.4.4.6;Понятия «ноовременного Континуума» и «ноовременного Конверсума». Субъективные «Континуумы» Прото-Форм, «человеческий Континуум». Структурные отличия Континуумов между собой;11384-11394
БДК;Том 10;Раздел IV. Новейшие Представления о динамике энергоинформационных структур Мироздания;Глава 4. Пространственно-временные структуры и ротационные Циклы;10.4.4.7;Пример-сравнение «пространственно-временного Континуума» со структурой «человеческого» социума. ;11395-11406
БДК;Том 10;Раздел IV. Новейшие Представления о динамике энергоинформационных структур Мироздания;Глава 4. Пространственно-временные структуры и ротационные Циклы;10.4.4.8;Отличия Реальностей от Континуумов. Структура и поуровневая схема Мироздания;11407-11412
БДК;Том 10;Раздел IV. Новейшие Представления о динамике энергоинформационных структур Мироздания;Глава 4. Пространственно-временные структуры и ротационные Циклы;10.4.4.9;ФТА Коллективного Разума Человечества участвует только процессах Синтеза, составляющих мизерную часть общевселенской динамики. ПИИССКЛ-Л-УУЛЛУ и СФУУКРСС-ФФР Потоки. Узость наших понятий;11413-11421
БДК;Том 10;Раздел IV. Новейшие Представления о динамике энергоинформационных структур Мироздания;Глава 4. Пространственно-временные структуры и ротационные Циклы;10.4.4.10;Предостережение Ориса от возможных упрощений, сравнений, поспешных выводов и использования шаблонов в понимании ИИССИИДИОЛОГИИ. Забудьте дуальность! ;11422-11430
БДК;Том 10;Раздел IV. Новейшие Представления о динамике энергоинформационных структур Мироздания;Глава 5. Основные Уровни Коллективного Разума «Третичной» Энерго-Плазмы;10.4.5.1;Девять основных Уровней Коллективного Разума «Третичной» Энерго-Плазмы;11431-11433
БДК;Том 10;Раздел IV. Новейшие Представления о динамике энергоинформационных структур Мироздания;Глава 5. Основные Уровни Коллективного Разума «Третичной» Энерго-Плазмы;10.4.5.2;Первый уровень: «Личностное» Самосознание – самая субъективная часть нашего многомерного Существования;11434-11450
БДК;Том 10;Раздел IV. Новейшие Представления о динамике энергоинформационных структур Мироздания;Глава 5. Основные Уровни Коллективного Разума «Третичной» Энерго-Плазмы;10.4.5.3;Второй уровень: субъективное «бессознательное» (собственно Сознание);11451-11456
БДК;Том 10;Раздел IV. Новейшие Представления о динамике энергоинформационных структур Мироздания;Глава 5. Основные Уровни Коллективного Разума «Третичной» Энерго-Плазмы;10.4.5.4;Третий уровень: Подсознание;11457-11492
БДК;Том 10;Раздел IV. Новейшие Представления о динамике энергоинформационных структур Мироздания;Глава 5. Основные Уровни Коллективного Разума «Третичной» Энерго-Плазмы;10.4.5.5;Четвёртый уровень: Надсознание;11493-11498
БДК;Том 10;Раздел IV. Новейшие Представления о динамике энергоинформационных структур Мироздания;Глава 5. Основные Уровни Коллективного Разума «Третичной» Энерго-Плазмы;10.4.5.6;Объединение Уровней Творческой Активности Самосознания в «Совокупное Сознание»;11499-11506
БДК;Том 10;Раздел IV. Новейшие Представления о динамике энергоинформационных структур Мироздания;Глава 5. Основные Уровни Коллективного Разума «Третичной» Энерго-Плазмы;10.4.5.7;ГРЭИЙСЛИИСС. «Фотореверсивное Поле-Сознание», состоящее более чем из 70 типов бозонно-фермионных полей. Механизм информационной ретрансляции между НУУ-ВВУ через структуры «Биомаятника» (ИЛЛГРИИ-ТО-О). «Фоторедуксивный Эфир» как источник интуитивной Информации для детей;11507-11518
БДК;Том 10;Раздел IV. Новейшие Представления о динамике энергоинформационных структур Мироздания;Глава 5. Основные Уровни Коллективного Разума «Третичной» Энерго-Плазмы;10.4.5.8;Пятый уровень: Сверхсознание (или «совокупное Сознание» ЛЛУУ-ВВУ-Формы);11519-11522
БДК;Том 10;Раздел IV. Новейшие Представления о динамике энергоинформационных структур Мироздания;Глава 5. Основные Уровни Коллективного Разума «Третичной» Энерго-Плазмы;10.4.5.9;Шестой уровень: Прасознание. Седьмой уровень: Протосознание. Восьмой уровень: Гиперсознание. Девятый уровень: «Звёздное» Сознание АИЙ-ЙА ;11523-11530
БДК;Том 10;Раздел V. У каждого из нас огромное количество Судеб;Глава 1. Принцип Свободы Выбора;10.5.1.1;Небольшое повторение: ЛЛУУ-ВВУ > Формо-Тип > Стерео-Тип. НУУ-ВВУ и Формо-Тип – это одно и то же;11531-11534
БДК;Том 10;Раздел V. У каждого из нас огромное количество Судеб;Глава 1. Принцип Свободы Выбора;10.5.1.2;Сценарии как элементы мозаики структурируют наше «прошлое». Каждого из нас имеется огромное количество. Пример числа Стерео-Типов в одном ротационном цикле. Резонационное распределение Стерео-Типов по «сценариям» ;11535-11541
БДК;Том 10;Раздел V. У каждого из нас огромное количество Судеб;Глава 1. Принцип Свободы Выбора;10.5.1.3;Часть сценариев всегда ведёт к Смерти. Объективно, нет никакой «продолжительности существования», а есть только непрерывная динамика перефокусировок наших «УФС». Продолжительность «сценария» зависит от его качественности;11542-11544
БДК;Том 10;Раздел V. У каждого из нас огромное количество Судеб;Глава 1. Принцип Свободы Выбора;10.5.1.4;Нам нужно научиться пользоваться Свободой Выбора и в этом может помочь Ииссиидиология. Возможности «скррууллерртной системы». Трудности Выбора. Критерии Выбора - эгоистичность и альтруистичность. ЧТО именно в следующий момент будет для вас наиболее важным, ТЕМ вы и станете! ;11545-11551
БДК;Том 10;Раздел V. У каждого из нас огромное количество Судеб;Глава 2. Ротационный Сдвиг;10.5.2.1;Формирование «ротационных Циклов» от момента рождения. Каждый Стерео-Тип строго соответствует своей Формо-системе Миров. Качество Устремлений «личности» определяет все последующие «сценарии развития» её Судьбы. Пример с ребёнком в колыбели и айфааровцами у костра. Все наши желания, симпатии, антипатии непрерывно формируют наш «ротационный цикл» ;11552-11562
БДК;Том 10;Раздел V. У каждого из нас огромное количество Судеб;Глава 2. Ротационный Сдвиг;10.5.2.2;Резонационный принцип системы Восприятия позволяет наблюдать лишь небольшую группу из нескольких сотен дувуйллерртных Миров. «Наблюдаемый объект» как группа Стерео-Дублей. 10-17 условных см – сдвиг (шаг) в частоте волновой структуры Реальности, отделяющий одну Формо-систему от другой;11563-11571
БДК;Том 10;Раздел V. У каждого из нас огромное количество Судеб;Глава 2. Ротационный Сдвиг;10.5.2.3;Почему мы не видим параллельные сценарии (дувуйллерртно близкие Стерео-Типы);11572-11579
БДК;Том 10;Раздел V. У каждого из нас огромное количество Судеб;Глава 2. Ротационный Сдвиг;10.5.2.4;Отличия в частоте «ротационного Сдвига» у разных Прото-Форм. 1/328 – это усреднённая частотная характеристика динамики «человеческой» психики;11580-11587
БДК;Том 10;Раздел V. У каждого из нас огромное количество Судеб;Глава 2. Ротационный Сдвиг;10.5.2.5;Различия в понятиях «Мир» (индивидуальный Мир) и «Формо-система Миров». Пример отображения процесса «Смерти» на «Мир» и на «Формо-систему»;11588-11595
БДК;Том 10;Раздел V. У каждого из нас огромное количество Судеб;Глава 2. Ротационный Сдвиг;10.5.2.6;Различия в понятиях «Формо-система Миров» и «скррууллерртная система». Сравнение Формо-системы с цифровой фотографией и пиксельной структурой;11596-11608
БДК;Том 10;Раздел V. У каждого из нас огромное количество Судеб;Глава 2. Ротационный Сдвиг;10.5.2.7;Различия в понятиях частота «ротационных сдвигов» Реальности и частота «ротационного Цикла» Формо-системы Миров;11609-11610
БДК;Том 10;Раздел V. У каждого из нас огромное количество Судеб;Глава 3. Влияние психического состояния на Направление «ротационного Цикла»;10.5.3.1;Скорость нашего Восприятия ограничена биологическими структурами мозга. Инерция осмысление занимает порядка 1-2 секунд ;11611-11614
БДК;Том 10;Раздел V. У каждого из нас огромное количество Судеб;Глава 3. Влияние психического состояния на Направление «ротационного Цикла»;10.5.3.2;У нас изначально есть неисчислимое множество вариантов наших «будущих» Судеб. Мы – это УФС, временно отождествившийся с конкретной НУУ-ВВУ ;11615-11623
БДК;Том 10;Раздел V. У каждого из нас огромное количество Судеб;Глава 3. Влияние психического состояния на Направление «ротационного Цикла»;10.5.3.3;О разных географических проявлениях внутри одной Стерео-Формы. Россия, Америка, Германия – это разные «ротационные Циклы» и разные процессы Синтеза ;11624-11628
БДК;Том 10;Раздел V. У каждого из нас огромное количество Судеб;Глава 3. Влияние психического состояния на Направление «ротационного Цикла»;10.5.3.4;Фокусирование в разных Временных Потоках на примере Судеб Лиифммиды;11629-11644
БДК;Том 10;Раздел V. У каждого из нас огромное количество Судеб;Глава 3. Влияние психического состояния на Направление «ротационного Цикла»;10.5.3.5;Качественность проявляемых нами эмоций, мгновенно меняет Направление «ротационного Цикла» и меняет Судьбу. Возможности разнокачественных перефокусировок по резонационному принципу на примере Зааомми;11645-11653
БДК;Том 10;Раздел V. У каждого из нас огромное количество Судеб;Глава 3. Влияние психического состояния на Направление «ротационного Цикла»;10.5.3.6;«Посмертная» дифференциация Информации ВЭН Самосознания «личности» на конгломераты УУ-ВВУ-копий. Наиболее вероятная перефокусировка происходит в дувуйллерртно близкие сценарии. Высоко-, средне- и низко-частотные конгломераты осуществляют перефокусировки в собственных Направлениях. «Бесконечная ассоциативная самоидентификация» наиболее полно осуществляется через высокочастотные уровни Самосознания ;11654-11666
БДК;Том 10;Раздел V. У каждого из нас огромное количество Судеб;Глава 3. Влияние психического состояния на Направление «ротационного Цикла»;10.5.3.7;О взаимовлиянии Стерео-Типов одной Стерео-Формы друг на друга;11667-11674
БДК;Том 10;Раздел V. У каждого из нас огромное количество Судеб;Глава 3. Влияние психического состояния на Направление «ротационного Цикла»;10.5.3.8;Можем ли мы изменить кого-то рядом с собой ? ;11675-11677
БДК;Том 10;Раздел VI. Особенности функционирования пространственно-временных и энергоинформационных структур «личностного» Самосознания;Глава 1. Принципы функционирования Самосознания;10.5.1.1;Волновое электромагнитное поле – основа всех типов нашего психосенсорного восприятия;11678-11680
БДК;Том 10;Раздел VI. Особенности функционирования пространственно-временных и энергоинформационных структур «личностного» Самосознания;Глава 1. Принципы функционирования Самосознания;10.5.1.2;Описание механизма упрощённого проецирования высокочастотной Энерго-Информации в наши Континуумы на примере «большого и малого Пространств»;11681-11684
БДК;Том 10;Раздел VI. Особенности функционирования пространственно-временных и энергоинформационных структур «личностного» Самосознания;Глава 1. Принципы функционирования Самосознания;10.5.1.3;Разница в функционировании систем Восприятия разных Прото-Форм;11685-11688
БДК;Том 10;Раздел VI. Особенности функционирования пространственно-временных и энергоинформационных структур «личностного» Самосознания;Глава 1. Принципы функционирования Самосознания;10.5.1.4;«Обратное взаимоотражение» обработанной Самосознанием Информации в «большое» Пространство. Взаимосвязь между ВЭН, Формо-Творцами мозга, УУ-ВВУ и ОДС;11689-11694
БДК;Том 10;Раздел VI. Особенности функционирования пространственно-временных и энергоинформационных структур «личностного» Самосознания;Глава 1. Принципы функционирования Самосознания;10.5.1.5;Сравнение принципов функционирования Самосознания с работой компьютера: мозг – процессор, программы – УУ-ВВУ-копии, оперативная память – «Главная Временная Ось»;11695-11696
БДК;Том 10;Раздел VI. Особенности функционирования пространственно-временных и энергоинформационных структур «личностного» Самосознания;Глава 1. Принципы функционирования Самосознания;10.5.1.6;Описание процесса «помгновенного квантования» мышления – «распаковка», «разворачивание», «сжатие». Влияние психосоматических реакций на Направление перефокусировок. Диапазон мерности, охватываемый «ротационным Циклом». Мысле-чувственная динамика проецируется в нашу текущую Конфигурацию Самосознания из «будущего» ;11697-11710
БДК;Том 10;Раздел VI. Особенности функционирования пространственно-временных и энергоинформационных структур «личностного» Самосознания;Глава 1. Принципы функционирования Самосознания;10.5.1.7;«Личностное» Самосознание - это узкокачественная проекция «большого» Пространства на «малое». Абсолютно вся Информация обо всех вариантах вашего «личностного» существования всегда была, есть и будет пребывать в структурах вашего Совокупного Сознания;11711-11717
БДК;Том 10;Раздел VI. Особенности функционирования пространственно-временных и энергоинформационных структур «личностного» Самосознания;Глава 1. Принципы функционирования Самосознания;10.5.1.8;О детерминированности Выборов и «скррууллерртной системе». Принцип КРУУЙЙ-ДМООЙЙ;11718-11727
БДК;Том 10;Раздел VI. Особенности функционирования пространственно-временных и энергоинформационных структур «личностного» Самосознания;Глава 2. Влияние биологических и биохимических составляющих на возможности самоосознавания;10.5.2.1;Влияние инерции на способность самоосознавать себя и на Выбор Направления перефокусировок. Инерционный Коэффициент. Инерция биологических процессов;11728-11748
БДК;Том 10;Раздел VI. Особенности функционирования пространственно-временных и энергоинформационных структур «личностного» Самосознания;Глава 2. Влияние биологических и биохимических составляющих на возможности самоосознавания;10.5.2.2;Биохимические процессы в организме и их связь с активность «кармических каналов» на примере «любви с первого взгляда»;11749-11778
БДК;Том 10;Раздел VI. Особенности функционирования пространственно-временных и энергоинформационных структур «личностного» Самосознания;Глава 2. Влияние биологических и биохимических составляющих на возможности самоосознавания;10.5.2.3;Условность понятия «ротационные Циклы». Впереди только скррууллерртная система, которая через мгновение становится часть «ротационного Цикла». Пример со следами зайца на снегу;11779-11796
БДК;Том 10;Раздел VI. Особенности функционирования пространственно-временных и энергоинформационных структур «личностного» Самосознания;Глава 2. Влияние биологических и биохимических составляющих на возможности самоосознавания;10.5.2.4;«Ротационный Цикл» - значит «инерционное поквантовое преобразование». Аксиома: электрон электрону рознь;11797-11799
БДК;Том 10;Раздел VI. Особенности функционирования пространственно-временных и энергоинформационных структур «личностного» Самосознания;Глава 2. Влияние биологических и биохимических составляющих на возможности самоосознавания;10.5.2.5;Новые частицы, Новая Наука;11800-11804
БДК;Том 10;Раздел VI. Особенности функционирования пространственно-временных и энергоинформационных структур «личностного» Самосознания;Глава 3. Классификации и уточняющие вопросы.;10.5.3.1;Классификация Творцов ИИССИИДИ-Центров;11805-11813
БДК;Том 10;Раздел VI. Особенности функционирования пространственно-временных и энергоинформационных структур «личностного» Самосознания;Глава 3. Классификации и уточняющие вопросы.;10.5.3.2;Померностная (от 0 до 12) классификация с характеристиками всевозможных разновидностей Коллективных Разумов, представляющих реализационные ВВУ-, ФФАЙ- и ЙЙЯ-Формы ОО-УУ-Сущностей «РЕЗОСКОНЦЕОННОЙ» Ветви развития. Таблица классификации Формо-Творцов, их УУ-ВВУ и Уровней Самосознания;11814-11875
БДК;Том 10;Раздел VI. Особенности функционирования пространственно-временных и энергоинформационных структур «личностного» Самосознания;Глава 3. Классификации и уточняющие вопросы.;10.5.3.3;Разница в понятиях «человеческий», человеческий, Человеческий. Почему НУУ-ВВУ-Формо-Тип называется «формо-дифференцирующим»;11876-11880
БДК;Том 10;Раздел VI. Особенности функционирования пространственно-временных и энергоинформационных структур «личностного» Самосознания;Глава 3. Классификации и уточняющие вопросы.;10.5.3.4;Диапазон НУУ-ВВУ – от биологических и биоплазменных до флакглаассных и вуолдсммиисных Форм;11881-11885
БДК;Том 10;Раздел VI. Особенности функционирования пространственно-временных и энергоинформационных структур «личностного» Самосознания;Глава 3. Классификации и уточняющие вопросы.;10.5.3.5;НУУЛЛ-ВВУ – единственная человеческая био-Форма в структуре Формо-Типа НУУ-ВВУ;11886-11890
БДК;Том 10;Раздел VI. Особенности функционирования пространственно-временных и энергоинформационных структур «личностного» Самосознания;Глава 3. Классификации и уточняющие вопросы.;10.5.3.6;О текущем уровне Самосознания «человечества»;11891-11893
БДК;Том 10;Раздел VI. Особенности функционирования пространственно-временных и энергоинформационных структур «личностного» Самосознания;Глава 3. Классификации и уточняющие вопросы.;10.5.3.7;Классификация «Полей-Сознаний», организующих творческую синтетическую динамику Формо-«частиц» всех Уровней «Третичной» Энерго-Плазмы;11894-11895